,News Outlet,Compound,Positive,Neutral,Negative,Text,Date Created
0,@BBCWorld,0.0,0.0,1.0,0.0,US opioid epidemic: 'This is bigger than this town' https://t.co/Og1qqEifT8,Thu Nov 08 20:24:45 +0000 2018
1,@BBCWorld,-0.5423,0.0,0.696,0.304,French cold kills 20-year-old walking cigarettes over Pyrenees https://t.co/0PpAAk5QWw,Thu Nov 08 19:38:37 +0000 2018
2,@BBCWorld,-0.3182,0.0,0.753,0.247,Texas judge releases defendants after election loss https://t.co/0D5lgoL7vw,Thu Nov 08 19:23:33 +0000 2018
3,@BBCWorld,-0.296,0.0,0.784,0.216,Sark Electricity to stop supplying power to island https://t.co/qKmXSEQG89,Thu Nov 08 17:39:38 +0000 2018
4,@BBCWorld,-0.5267,0.0,0.673,0.327,Croatia man hurt after toppling anti-fascist statue https://t.co/NolblYuGEi,Thu Nov 08 17:35:07 +0000 2018
5,@BBCWorld,0.2263,0.147,0.853,0.0,"BBC and UK taxpayers should fund Manx Radio, Tynwald report recommends https://t.co/UqWeKSgq0E",Thu Nov 08 17:27:11 +0000 2018
6,@BBCWorld,-0.4019,0.156,0.567,0.277,Syria war: Army frees 19 IS hostages - state media https://t.co/pBA2WMdUy7,Thu Nov 08 16:57:38 +0000 2018
7,@BBCWorld,-0.4767,0.0,0.659,0.341,Mid-terms 2018: When voting goes wrong https://t.co/2o7z6krySR,Thu Nov 08 16:24:13 +0000 2018
8,@BBCWorld,-0.5574,0.0,0.566,0.434,Delhi smog: Are Diwali fireworks to blame? https://t.co/95JKZKNkvV,Thu Nov 08 16:12:41 +0000 2018
9,@BBCWorld,0.0,0.0,1.0,0.0,RT @bbcweather: Have a generic question about the weather? Tweet us and we'll try and answer it on air tomorrow afternoon! Jo https://t.co/‚Ä¶,Thu Nov 08 15:25:56 +0000 2018
10,@BBCWorld,0.0,0.0,1.0,0.0,"RT @BBCBreaking: Thousand Oaks gunman identified as 28-year-old military veteran, Ian David Long, police say https://t.co/SXXQmZ7qO5",Thu Nov 08 15:16:02 +0000 2018
11,@BBCWorld,0.5574,0.146,0.854,0.0,"RT @BBCBreaking: US Supreme Court judge Ruth Bader Ginsburg, 85, has fractured three ribs after a fall on Wednesday, the court says https:/‚Ä¶",Thu Nov 08 14:34:14 +0000 2018
12,@BBCWorld,0.6705,0.355,0.645,0.0,US man wins three times in one day playing scratch cards https://t.co/TPe8EWOqI9,Thu Nov 08 13:36:00 +0000 2018
13,@BBCWorld,0.0,0.0,1.0,0.0,Iraq's PM picks five ministers from online applications https://t.co/vX1B4xM25k,Thu Nov 08 13:26:18 +0000 2018
14,@BBCWorld,-0.5719,0.0,0.684,0.316,"Hundreds of buffaloes drown 'fleeing lions' in Botswana 

https://t.co/3t7kXDxzV0",Thu Nov 08 13:09:25 +0000 2018
15,@BBCWorld,0.0,0.0,1.0,0.0,"Charting the rise of women in Congress after #midterms2018

https://t.co/IZc5ZVLiKp https://t.co/Ybu4mVhRAm",Thu Nov 08 12:35:05 +0000 2018
16,@BBCWorld,-0.1877,0.0,0.821,0.179,Simon Coveney: Brexit border deal 'not for granted' https://t.co/W4WJPoY7ii,Thu Nov 08 12:29:44 +0000 2018
17,@BBCWorld,-0.6486,0.0,0.677,0.323,"Family found dead near broken-down vehicle in Australian outback

https://t.co/hu5RbVKuq6",Thu Nov 08 12:20:12 +0000 2018
18,@BBCWorld,-0.926,0.0,0.526,0.474,"RT @BBCBreaking: Thousand Oaks shooting latest

‚Ä¢  12 dead
‚Ä¢  At least 10 injured
‚Ä¢  Suspect found dead at scene

https://t.co/SXXQmZ7qO5 h‚Ä¶",Thu Nov 08 11:57:33 +0000 2018
19,@BBCWorld,-0.8442,0.0,0.331,0.669,Spain S√°nchez 'attack plot': Police arrest gun suspect https://t.co/yBPxqby6DG,Thu Nov 08 11:50:18 +0000 2018
20,@BBCWorld,0.0,0.0,1.0,0.0,"How did Donald Trump and Jeff Sessions' relationship turn sour?
[Tap to expand]
https://t.co/VeCU5tPkYR https://t.co/amp7qLmHyU",Thu Nov 08 11:28:42 +0000 2018
21,@BBCWorld,-0.6705,0.0,0.757,0.243,"RT @BBCBreaking: Twelve people killed, including a police officer, in Thousand Oaks shooting, California

https://t.co/SXXQmZ7qO5 https://t‚Ä¶",Thu Nov 08 11:13:59 +0000 2018
22,@BBCWorld,0.0,0.0,1.0,0.0,Russian AS Monaco owner Rybolovlev under formal investigation https://t.co/UuQxrxltqi,Thu Nov 08 11:10:33 +0000 2018
23,@BBCWorld,-0.5719,0.0,0.684,0.316,Hundreds of buffaloes drown 'fleeing lions' in Botswana https://t.co/PrpGH2Qq7n,Thu Nov 08 11:03:30 +0000 2018
24,@BBCWorld,-0.7906,0.0,0.462,0.538,Trump-Russia probe 'under threat' after Sessions fired https://t.co/63lkHTYMmY,Thu Nov 08 10:41:39 +0000 2018
25,@BBCWorld,-0.6705,0.0,0.78,0.22,"RT @BBCBreaking: Several people killed in shooting at bar in Thousand Oaks, California, police say 

https://t.co/SXXQmZ7qO5 https://t.co/m‚Ä¶",Thu Nov 08 10:36:45 +0000 2018
26,@BBCWorld,-0.4215,0.0,0.648,0.352,Helge Ingstad: Warship collides with tanker in fjord https://t.co/Ytejs6BlP4,Thu Nov 08 10:24:33 +0000 2018
27,@BBCWorld,0.2263,0.135,0.727,0.138,"RT @bbcweather: On this day five years ago, in the pre-dawn darkness, Super Typhoon Haiyan struck the province of Leyte in the central Phil‚Ä¶",Thu Nov 08 10:05:56 +0000 2018
28,@BBCWorld,0.3182,0.119,0.881,0.0,"RT @BBCSport: India cricket captain Virat Kohli is embroiled in controversy after lashing out at a cricket fan.

Readüëâhttps://t.co/H3dQU1rq‚Ä¶",Thu Nov 08 08:56:28 +0000 2018
29,@BBCWorld,0.0,0.0,1.0,0.0,'Mass shooting' at California bar https://t.co/bPMB8msK2J,Thu Nov 08 08:30:35 +0000 2018
30,@BBCWorld,-0.0516,0.0,0.87,0.13,Virat Kohli causes uproar with 'leave India' comment https://t.co/zXpLytDL1a,Thu Nov 08 08:28:18 +0000 2018
31,@BBCWorld,0.0,0.0,1.0,0.0,Australia ramps up Pacific spending amid China debate https://t.co/czFCKgpx5e,Thu Nov 08 07:11:57 +0000 2018
32,@BBCWorld,-0.296,0.0,0.761,0.239,Deadly smog returns to Delhi after Diwali https://t.co/jvSCQqAgFG,Thu Nov 08 05:15:41 +0000 2018
33,@BBCWorld,-0.6486,0.0,0.699,0.301,Australia deaths: Family found dead near broken-down vehicle in outback https://t.co/rtH1PE0iX8,Thu Nov 08 04:49:05 +0000 2018
34,@BBCWorld,0.0,0.0,1.0,0.0,White House suspends credentials for CNN's Jim Acosta https://t.co/rtg0botPnL,Thu Nov 08 01:12:36 +0000 2018
35,@BBCWorld,0.0,0.0,1.0,0.0,'El Chapo' Guzman: Dozen jurors picked for drug trial https://t.co/HjDlWauKCD,Thu Nov 08 01:07:34 +0000 2018
36,@BBCWorld,-0.4767,0.0,0.709,0.291,"Dutch man, 69, brings lawsuit to lower his age 20 years https://t.co/tjsZ6xaRA3",Thu Nov 08 00:22:09 +0000 2018
37,@BBCWorld,0.0,0.0,1.0,0.0,"RT @BBCNorthAmerica: The women making history in Congress üá∫üá≤
[Tap to expand] https://t.co/uGN7AW159C https://t.co/cO8Gszgs4e",Wed Nov 07 23:48:15 +0000 2018
38,@BBCWorld,0.0,0.0,1.0,0.0,Who is Acting US Attorney General Matthew Whitaker? https://t.co/ExbdsR8QMH,Wed Nov 07 22:35:49 +0000 2018
39,@BBCWorld,0.0,0.0,1.0,0.0,Trump fires Sessions - is Mueller next? https://t.co/BCUXOLO4Ln,Wed Nov 07 22:23:49 +0000 2018
40,@BBCWorld,0.4767,0.311,0.583,0.107,The Caribbean honours its overlooked WW1 soldiers https://t.co/vQc9WEW0Mj,Wed Nov 07 22:21:16 +0000 2018
41,@BBCWorld,-0.4939,0.0,0.714,0.286,Canadian bureaucrats sent home twice after spider scare https://t.co/i26YounoXT,Wed Nov 07 22:04:51 +0000 2018
42,@BBCWorld,-0.5574,0.0,0.854,0.146,"RT @BBCNorthAmerica: US Democratic Senator Chuck Schumer reacts to the news that Donald Trump has fired AG Jeff Sessions: ""It would create‚Ä¶",Wed Nov 07 21:41:43 +0000 2018
43,@BBCWorld,0.2023,0.13,0.87,0.0,MS St Louis: Canada apologises for turning away Jewish refugees in 1939 https://t.co/CC2Ltzp8QQ,Wed Nov 07 21:28:41 +0000 2018
44,@BBCWorld,0.0,0.0,1.0,0.0,Trump Russia - the saga in 200 words https://t.co/RP2eCu0ORT,Wed Nov 07 20:53:01 +0000 2018
45,@BBCWorld,0.7579,0.448,0.552,0.0,Cameroon kidnap: Joy as freed students returned to parents https://t.co/1fv3WwGO5r,Wed Nov 07 20:40:34 +0000 2018
46,@BBCWorld,0.0,0.0,1.0,0.0,Canadian MP Tony Clement out of caucus after sexting revelation https://t.co/YuZcC1Osn4,Wed Nov 07 20:36:13 +0000 2018
47,@BBCWorld,-0.1531,0.208,0.538,0.254,Pakistan blasphemy case: Asia Bibi freed from prison https://t.co/tdetDsgnwm,Wed Nov 07 20:13:47 +0000 2018
48,@BBCWorld,0.0,0.0,1.0,0.0,Mid-term elections 2018: Trump offers bipartisanship with caveat https://t.co/RQMv3psn5G,Wed Nov 07 20:07:03 +0000 2018
49,@BBCWorld,0.0,0.0,1.0,0.0,Beleaguered US law chief Sessions quits https://t.co/YUrTxAEiwd,Wed Nov 07 19:52:44 +0000 2018
50,@BBCWorld,-0.6369,0.0,0.729,0.271,RT @BBCBreaking: US Attorney General Jeff Sessions resigns after months of criticism from President Trump https://t.co/5Wgl7KNtn5,Wed Nov 07 19:50:28 +0000 2018
51,@BBCWorld,-0.4767,0.0,0.661,0.339,Polish independence day march by nationalists banned in Warsaw https://t.co/hyguDtqZWC,Wed Nov 07 19:33:24 +0000 2018
52,@BBCWorld,0.0,0.0,1.0,0.0,In pictures: Migrant caravan rests in Mexico City https://t.co/dWeK1q7JIi,Wed Nov 07 19:28:40 +0000 2018
53,@BBCWorld,0.743,0.283,0.717,0.0,"""We won because from the beginning we focused on healthcare,"" says former House minority leader Nancy Pelosi‚Ä¶ https://t.co/PzfrvSXLBD",Wed Nov 07 19:07:47 +0000 2018
54,@BBCWorld,0.0,0.0,1.0,0.0,France row over President Macron's Nazi collaborator remark https://t.co/NBbLY4xuzX,Wed Nov 07 19:04:27 +0000 2018
55,@BBCWorld,0.7269,0.303,0.697,0.0,Democratic representative Nancy Pelosi applauds the wins made by female candidates during the mid-term election‚Ä¶ https://t.co/Z0jhJ9iakE,Wed Nov 07 19:00:06 +0000 2018
56,@BBCWorld,0.0,0.0,1.0,0.0,"US President Donald Trump says meeting with North Korea's Kim Jong-un will happen ""sometime early next year""‚Ä¶ https://t.co/vWymM1mUOD",Wed Nov 07 18:08:29 +0000 2018
57,@BBCWorld,0.0,0.0,1.0,0.0,Fianna F√°il senator Mark Daly sacked over election launch https://t.co/9BZbGiUB2T,Wed Nov 07 18:03:54 +0000 2018
58,@BBCWorld,-0.8834,0.0,0.368,0.632,Spanish parents jailed over sick child donation fraud https://t.co/qhn7rSIkAy,Wed Nov 07 17:54:19 +0000 2018
59,@BBCWorld,-0.296,0.0,0.885,0.115,"""There was no collusion, there was nothing"" - US President Donald Trump says Mueller Russia investigation should en‚Ä¶ https://t.co/ACUl6gy6JZ",Wed Nov 07 17:49:12 +0000 2018
60,@BBCWorld,-0.6908,0.11,0.491,0.399,South Korea apologises for rapes during 1980 Gwangju protest crackdown https://t.co/4ju3yaJzH5,Wed Nov 07 17:49:00 +0000 2018
61,@BBCWorld,-0.2732,0.0,0.884,0.116,"""I'm not concerned about Russian investigation, because it's a hoax"" - US President Donald Trump calls CNN reporter‚Ä¶ https://t.co/NookKT2G5d",Wed Nov 07 17:40:19 +0000 2018
62,@BBCWorld,0.34,0.107,0.893,0.0,RT @BBCJamesCook: BREAKING President Trump says he could easily shut down the investigation into his campaign's alleged ties with Moscow ‚Äî‚Ä¶,Wed Nov 07 17:40:02 +0000 2018
63,@BBCWorld,0.0,0.0,1.0,0.0,"RT @awzurcher: Trump asked why he considers caravan asylum seekers an invasion. ‚ÄúBecause it is an invasion,‚Äù he says. He goes on to call CN‚Ä¶",Wed Nov 07 17:28:57 +0000 2018
64,@BBCWorld,-0.6486,0.0,0.531,0.469,Why Australia is worried about upsetting Indonesia https://t.co/zKdbmZHT1V,Wed Nov 07 17:27:41 +0000 2018
65,@BBCWorld,0.4019,0.137,0.863,0.0,"Voters ""clearly rebuked the Senate Democrats for their handling of the Kavanaugh hearings"" - US President Donald Tr‚Ä¶ https://t.co/eAgNF1DFb3",Wed Nov 07 17:22:42 +0000 2018
66,@BBCWorld,0.0,0.0,1.0,0.0,New Isle of Man abortion law moves a step closer https://t.co/SF3yhZ4ccq,Wed Nov 07 17:21:37 +0000 2018
67,@BBCWorld,-0.34,0.0,0.789,0.211,Tanzania police arrest 10 over 'gay wedding' in Zanzibar https://t.co/PneWczpfvD,Wed Nov 07 17:13:12 +0000 2018
68,@BBCWorld,-0.1779,0.128,0.711,0.161,"""Republican Party defied history"" says US President Donald Trump ""in spite of a very dramatic fundraising disadvant‚Ä¶ https://t.co/W2xBzFK5S1",Wed Nov 07 17:05:48 +0000 2018
69,@BBCWorld,-0.25,0.143,0.649,0.208,Grenade-shaped belt buckle triggers bomb alert at Barcelona's main railway station https://t.co/nn44Qc97YO,Wed Nov 07 16:12:59 +0000 2018
70,@BBCWorld,0.0,0.0,1.0,0.0,RT @awzurcher: Donald Trump will hold a rare formal press conference in the White House in half an hour. What would you ask him? https://t.‚Ä¶,Wed Nov 07 16:01:58 +0000 2018
71,@BBCWorld,0.0,0.0,1.0,0.0,"RT @BBCRajiniV: #Florida #recount. 

Bill #Nelson camp saying that  ‚Äútally in the race continued closing into the predawn hours today and i‚Ä¶",Wed Nov 07 15:05:28 +0000 2018
72,@BBCWorld,0.0,0.0,1.0,0.0,"RT @BBCRajiniV: More on #Florida Senate recount. 

#Nelson campaign now saying #Republican Rick #Scott ‚Äúprematurely claimed victory after F‚Ä¶",Wed Nov 07 15:05:05 +0000 2018
73,@BBCWorld,0.0,0.0,1.0,0.0,RT @BBCRajiniV: Breaking news from #Florida. #Democratic Senator Bill #Nelson says the contest for the #Florida seat he‚Äôs defending is head‚Ä¶,Wed Nov 07 15:04:50 +0000 2018
74,@BBCWorld,0.0,0.0,1.0,0.0,Mid-term elections: How the rest of the world saw it https://t.co/8DkZQfGHSF,Wed Nov 07 14:47:40 +0000 2018
75,@BBCWorld,0.6597,0.205,0.795,0.0,"RT @awzurcher: If Democrats were hoping for a sweeping national rebuke of Trump and Trumpism, this ain't it. But another thing is clear. Tr‚Ä¶",Wed Nov 07 14:45:20 +0000 2018
76,@BBCWorld,-0.4404,0.0,0.873,0.127,RT @BBCJonSopel: I think this sort of underlines that if  @NancyPelosi becomes Speaker she‚Äôs not exactly a new kid on the block #Midterms20‚Ä¶,Wed Nov 07 14:39:59 +0000 2018
77,@BBCWorld,-0.6486,0.14,0.446,0.414,Yemen war: Battle for vital port of Hudaydah intensifies https://t.co/HFwPyNtpLH,Wed Nov 07 14:36:56 +0000 2018
78,@BBCWorld,0.4939,0.262,0.738,0.0,"Greece Church agreement as 10,000 priests taken off payroll https://t.co/Sh3TioHXWv",Wed Nov 07 13:22:38 +0000 2018
79,@BBCWorld,0.3089,0.201,0.799,0.0,Mid-term elections: Trump hails 'Big Victory' despite House losses https://t.co/WO851GoP2N,Wed Nov 07 13:10:50 +0000 2018
80,@BBCWorld,-0.5859,0.0,0.703,0.297,Russian director Kirill Serebrennikov goes on trial for fraud https://t.co/SfZ24oIfI4,Wed Nov 07 12:45:06 +0000 2018
81,@BBCWorld,0.0,0.0,1.0,0.0,Madagascar elections: Rivals vie for presidency https://t.co/bGRuZM1EJZ,Wed Nov 07 12:37:40 +0000 2018
82,@BBCWorld,0.0,0.0,1.0,0.0,"Here's how #ElectionNight unfolded in the US

[Tap to expand]

Latest: https://t.co/vGYDEjTvPt https://t.co/qLr1yaWufa",Wed Nov 07 12:14:28 +0000 2018
83,@BBCWorld,0.2263,0.267,0.553,0.18,RT @bbcworldservice: Four surprising innovations that owe their success to World War One. #Armistice100 https://t.co/sRixNeoPJS,Wed Nov 07 12:12:02 +0000 2018
84,@BBCWorld,0.0,0.0,1.0,0.0,Peru baby trafficking ring: Ex-police chief held https://t.co/Kwp20H4fqO,Wed Nov 07 11:52:44 +0000 2018
85,@BBCWorld,-0.4215,0.0,0.714,0.286,Mid-terms 2018: How these elections broke records https://t.co/kFpqyDLks7,Wed Nov 07 10:32:32 +0000 2018
86,@BBCWorld,0.0,0.0,1.0,0.0,"RT @BBCr4today: Stormy Daniels' lawyer, @MichaelAvenatti, says the only way to beat Donald Trump is to ""get down in the gutter and do battl‚Ä¶",Wed Nov 07 10:03:36 +0000 2018
87,@BBCWorld,0.7269,0.289,0.711,0.0,"US mid-terms:

‚Ä¢  Democrats win control of House of Representatives
‚Ä¢  Republicans set to strengthen grip on Senate‚Ä¶ https://t.co/4dsyKnkdMH",Wed Nov 07 09:45:49 +0000 2018
88,@BBCWorld,0.0,0.0,1.0,0.0,Europe launches front-line weather satellite into orbit that has components that are over a decade old https://t.co/W5haGchjxd,Wed Nov 07 09:32:20 +0000 2018
89,@BBCWorld,0.5267,0.185,0.815,0.0,RT @BBCNewsGraphics: The Democrats are set to gain the House - the story so far... #Midterms2018 https://t.co/apNbSWTpzD,Wed Nov 07 09:25:19 +0000 2018
90,@BBCWorld,0.0,0.0,1.0,0.0,"‚ö°Ô∏è ‚ÄúUS mid-terms: Story of #ElectionNight‚Äù 

https://t.co/pHPIXXq0uc",Wed Nov 07 08:50:08 +0000 2018
91,@BBCWorld,0.0,0.0,1.0,0.0,Midterms 2018: Young votes stamp their mark on politics https://t.co/flBfChUtnH,Wed Nov 07 08:39:05 +0000 2018
92,@BBCWorld,0.0772,0.046,0.954,0.0,RT @BBCStreeter: 2018 was billed as the year of the women ahead of the US mid term elections and there is now a record number of women in C‚Ä¶,Wed Nov 07 08:21:51 +0000 2018
93,@BBCWorld,0.3182,0.133,0.867,0.0,"US mid-terms update:

‚Ä¢  Democrats have control of House of Representatives
‚Ä¢  Republicans set to strengthen their‚Ä¶ https://t.co/oMCE5ZOCZw",Wed Nov 07 08:13:20 +0000 2018
94,@BBCWorld,0.4019,0.351,0.649,0.0,Cameroon kidnap: Bamenda students freed https://t.co/vZEQNyn1HL,Wed Nov 07 07:50:59 +0000 2018
95,@BBCWorld,0.0,0.0,1.0,0.0,Mid-term election results: What it all means for Trump https://t.co/8tPPFeaa8d,Wed Nov 07 07:16:49 +0000 2018
96,@BBCWorld,0.5859,0.202,0.798,0.0,"US mid-terms update:

‚Ä¢  Democrats win control of House of Representatives
‚Ä¢  Republicans retain control of Senate‚Ä¶ https://t.co/cpsf1jTmpF",Wed Nov 07 07:05:44 +0000 2018
97,@BBCWorld,-0.3818,0.0,0.843,0.157,"What does losing the House mean for President Trump? #ElectionNight
[Tap to expand] https://t.co/EXhoHH1kKI https://t.co/Q0I439kEcS",Wed Nov 07 06:51:38 +0000 2018
98,@BBCWorld,0.5994,0.224,0.776,0.0,"Democrat Nancy Pelosi says her party's take-back of the House of Representatives will help restore ""checks and bala‚Ä¶ https://t.co/Vc29bwRcnk",Wed Nov 07 06:40:45 +0000 2018
99,@BBCWorld,0.0,0.0,1.0,0.0,US mid-terms latest: Five key things we learned https://t.co/L9AZ26i3Oh,Wed Nov 07 06:27:09 +0000 2018
100,@CBSNews,0.2023,0.284,0.474,0.242,"Fewer office holiday parties this year, a sign of #MeToo liability fears https://t.co/bfUY4IKkJs https://t.co/YxXKRk0iaD",Thu Nov 08 20:00:00 +0000 2018
101,@CBSNews,0.0,0.0,1.0,0.0,"ONLY IN AMERICA: For some of the young people in Borderline Bar &amp; Grill last night, this is the second mass shootin‚Ä¶ https://t.co/gWZZn6N4RR",Thu Nov 08 19:40:09 +0000 2018
102,@CBSNews,-0.34,0.0,0.806,0.194,"Evacuations ordered as fast-moving ""Camp Fire"" grows in California https://t.co/iiOj4W3E1T https://t.co/BiyQQN2NX0",Thu Nov 08 19:40:01 +0000 2018
103,@CBSNews,-0.1779,0.0,0.841,0.159,Google overhauls sexual misconduct policy after employee walkouts https://t.co/sZvAIX5va6 https://t.co/n6K3uKM34J,Thu Nov 08 19:19:41 +0000 2018
104,@CBSNews,0.0,0.0,1.0,0.0,Man captures record-setting 17-foot python in Florida https://t.co/7qfzTp9fky https://t.co/ozFjD6vEnB,Thu Nov 08 18:59:37 +0000 2018
105,@CBSNews,0.0,0.0,1.0,0.0,"A gunman entered the Borderline Bar &amp; Grill in Thousand Oaks, during a weekly ""College Country Night,"" setting off‚Ä¶ https://t.co/uR9Udt0XDk",Thu Nov 08 18:39:42 +0000 2018
106,@CBSNews,0.0,0.0,1.0,0.0,What Acting Attorney General Matt Whitaker has to do with Mueller's probe https://t.co/vhYrARUvjH https://t.co/jUse6lPNpu,Thu Nov 08 18:19:33 +0000 2018
107,@CBSNews,0.0,0.0,1.0,0.0,Flight attendant feeds hungry infant mid-flight after mother runs out of formula https://t.co/bXY2gHf6qc https://t.co/WhWb6kgg5u,Thu Nov 08 17:59:49 +0000 2018
108,@CBSNews,0.0516,0.154,0.705,0.141,Fowl play? Rare Mandarin duck missing from New York's Central Park https://t.co/2cdrbthtJp https://t.co/de2qUgWaur,Thu Nov 08 17:39:52 +0000 2018
109,@CBSNews,0.0,0.0,1.0,0.0,"With Democrats taking control of the House, Rep. Maxine Waters could heighten more scrutiny of banks if chosen to b‚Ä¶ https://t.co/dYLZ1sEU1N",Thu Nov 08 17:04:48 +0000 2018
110,@CBSNews,-0.34,0.0,0.897,0.103,"""I was at the Las Vegas Route 91 mass shooting"": Man inside Southern California bar when a gunman opened fire was w‚Ä¶ https://t.co/Olk5tVKDrC",Thu Nov 08 16:46:04 +0000 2018
111,@CBSNews,-0.296,0.0,0.879,0.121,"California mass shooting suspect, identified as 28-year-old Ian Long, was a former Marine who recently had contact‚Ä¶ https://t.co/bFnMv7oe99",Thu Nov 08 16:40:56 +0000 2018
112,@CBSNews,-0.5106,0.0,0.82,0.18,California community buys out donuts so shop owner can spend time with sick wife https://t.co/JBCxu7ybl7 https://t.co/5dytuKxxMW,Thu Nov 08 16:26:48 +0000 2018
113,@CBSNews,0.0,0.0,1.0,0.0,"Former New Jersey Gov. Chris Christie is being considered to replace Jeff Sessions as attorney general, two sources‚Ä¶ https://t.co/iac7fdjEFB",Thu Nov 08 15:52:16 +0000 2018
114,@CBSNews,-0.296,0.0,0.885,0.115,"Sheriff Geoff Dean: I am no longer the sheriff, tomorrow at midnight.

Reporter: You are retiring tomorrow? 

Sheri‚Ä¶ https://t.co/271almiyK8",Thu Nov 08 15:28:58 +0000 2018
115,@CBSNews,0.6369,0.167,0.833,0.0,"""He said to her, ‚ÄòI gotta go handle a call, I love you. I‚Äôll talk to you later,‚Äô"" Sheriff describes final call Sgt.‚Ä¶ https://t.co/btBAIHKYTu",Thu Nov 08 15:19:15 +0000 2018
116,@CBSNews,0.0,0.0,1.0,0.0,"""We believe he shot himself. We found him already deceased when the officers made entry,"" Ventura County Sheriff Ge‚Ä¶ https://t.co/eOgYDHXoDn",Thu Nov 08 15:15:59 +0000 2018
117,@CBSNews,0.0,0.0,1.0,0.0,RT @CBSThisMorning: JUST IN: Police have identified the Southern California bar shooter as 28-year-old Ian Long. Investigators say he is a‚Ä¶,Thu Nov 08 15:14:11 +0000 2018
118,@CBSNews,0.1531,0.127,0.773,0.1,"California shooting suspect 28-year-old Ian Long was veteran and in the United States Marine Corps, according to au‚Ä¶ https://t.co/z4aTO1PH3s",Thu Nov 08 15:14:05 +0000 2018
119,@CBSNews,-0.8151,0.0,0.695,0.305,"""The weapon used in this horrific shooting was a Glock 21 .45-caliber handgun,"" Ventura County Sheriff Geoff Dean s‚Ä¶ https://t.co/W2hdQEgwDB",Thu Nov 08 15:08:54 +0000 2018
120,@CBSNews,-0.8151,0.0,0.695,0.305,"""The weapon used in this horrific shooting was a Glock 21 .45-caliber handgun,"" Ventura County Sheriff Geoff Dean s‚Ä¶ https://t.co/UNuJe07TIn",Thu Nov 08 15:08:54 +0000 2018
121,@CBSNews,-0.6705,0.0,0.757,0.243,WATCH NOW: Police give update on Southern California #massshooting that killed 12 people https://t.co/tpWYS7pPSt https://t.co/ERZOtQWn1m,Thu Nov 08 15:06:10 +0000 2018
122,@CBSNews,0.0,0.0,1.0,0.0,"Sen. Joe Manchin, a West Virginia Democrat who has often sided with President Trump, said the U.S. is ""on the verge‚Ä¶ https://t.co/3vnbOCVc9Z",Thu Nov 08 15:04:49 +0000 2018
123,@CBSNews,-0.3182,0.12,0.712,0.169,Ventura County Sheriff‚Äôs Sgt. Ron Helus was killed trying to save people in the California bar mass shooting. He wa‚Ä¶ https://t.co/RvPdV9cTUw,Thu Nov 08 14:50:11 +0000 2018
124,@CBSNews,0.7506,0.263,0.677,0.06,"BREAKING: Supreme Court Justice Ruth Bader Ginsburg, 85, breaks three ribs on her left side after falling in her of‚Ä¶ https://t.co/3RGBoUhJnH",Thu Nov 08 14:31:16 +0000 2018
125,@CBSNews,0.5106,0.191,0.809,0.0,"""Hit twice"": Group that survived Las Vegas massacre was at California bar shooting https://t.co/VDtVR7Y94O https://t.co/I1JboJqYYP",Thu Nov 08 14:20:37 +0000 2018
126,@CBSNews,-0.6705,0.0,0.852,0.148,"RT @DavidBegnaud: Mass shootings in America: 
1
2
3
4
5
6
7
8
9
10
11
12
13
14
15
16
17
18
19
20
21
22
23 
24
25 people killed. In the last‚Ä¶",Thu Nov 08 14:18:41 +0000 2018
127,@CBSNews,0.7906,0.292,0.708,0.0,BREAKING: Supreme Court Justice Ruth Bader Ginsburg has been hospitalized. She fractured three ribs on her left sid‚Ä¶ https://t.co/Es35iVlBok,Thu Nov 08 14:17:37 +0000 2018
128,@CBSNews,0.0,0.0,1.0,0.0,"""I threw a barstool through the window"": College student explains how he and others escaped California bar shooting‚Ä¶ https://t.co/YoASksBmCP",Thu Nov 08 14:00:49 +0000 2018
129,@CBSNews,0.802,0.265,0.735,0.0,RT @CBSThisMorning: Nicholas Champion was inside the California bar during the mass shooting. He also survived the 2017 mass shooting in La‚Ä¶,Thu Nov 08 13:59:01 +0000 2018
130,@CBSNews,0.0,0.0,1.0,0.0,"RT @CBSThisMorning: ""What raises my concerns is a person that's been so vocal against the investigation... now putting in charge a day afte‚Ä¶",Thu Nov 08 13:42:29 +0000 2018
131,@CBSNews,0.0,0.0,1.0,0.0,Arizona GOP sues to limit mail-in ballots in McSally-Sinema race https://t.co/ncj5aI5SUw https://t.co/GXe8d5xcHZ,Thu Nov 08 13:34:42 +0000 2018
132,@CBSNews,-0.34,0.0,0.854,0.146,"RT @CBSThisMorning: WATCH: @Sen_JoeManchin believes it was a ""big mistake to let Jeff Sessions go."" https://t.co/ha91qMetpR",Thu Nov 08 13:33:50 +0000 2018
133,@CBSNews,-0.3182,0.0,0.839,0.161,White House bans CNN's Jim Acosta after confrontation with President Trump https://t.co/4AHOLGqoN3 https://t.co/beq14dMlDm,Thu Nov 08 13:14:36 +0000 2018
134,@CBSNews,-0.6705,0.0,0.83,0.17,"RT @CBSThisMorning: WHAT WE KNOW ABOUT SOUTHERN CALIFORNIA MASS SHOOTING:

‚û°Ô∏è 12 killed including Sgt. Ron Helus 

‚û°Ô∏è Bar was filled with c‚Ä¶",Thu Nov 08 13:14:05 +0000 2018
135,@CBSNews,0.0,0.0,1.0,0.0,"President Trump tweets that's he been ""fully briefed"" on the Southern California #massshooting‚Ä¶ https://t.co/xpafii8qMZ",Thu Nov 08 12:54:33 +0000 2018
136,@CBSNews,0.0516,0.062,0.938,0.0,"Witnesses describe escaping Southern California bar as gunman reloaded: ""I heard shots and that's not a noise you m‚Ä¶ https://t.co/TjVOjAIrok",Thu Nov 08 12:39:51 +0000 2018
137,@CBSNews,0.4939,0.138,0.862,0.0,"RT @CBSThisMorning: Matt Wennerstrom helped save people at the bar during the mass shooting in California: 

""This is our family...  I know‚Ä¶",Thu Nov 08 12:38:13 +0000 2018
138,@CBSNews,-0.34,0.0,0.888,0.112,"""He was pointing a handgun over the counter toward the workers that were working there and just started firing. And‚Ä¶ https://t.co/p0flZd3Ta5",Thu Nov 08 12:22:21 +0000 2018
139,@CBSNews,-0.1027,0.124,0.736,0.14,"""He died tonight going in to try to save others and made the ultimate sacrifice,"" Ventura County Sheriff Geoff Dean‚Ä¶ https://t.co/Za3DefGPQ5",Thu Nov 08 12:16:09 +0000 2018
140,@CBSNews,-0.5574,0.0,0.847,0.153,"RT @CBSThisMorning: 29-year veteran Sergeant Ron Helus died at the hospital following the mass shooting at a California bar.

He was among‚Ä¶",Thu Nov 08 12:15:07 +0000 2018
141,@CBSNews,-0.6369,0.131,0.584,0.285,"A Ventura County sheriff said Sgt. Ron Helus ""died a hero"" after a gunman fatally shot 12 people inside a crowded S‚Ä¶ https://t.co/f4plEhs93S",Thu Nov 08 12:03:23 +0000 2018
142,@CBSNews,-0.9001,0.0,0.645,0.355,"""This is evil perpetrated on our city. It is awful. We are all shocked,"" Thousand Oaks Mayor Pro Tem Rob McCoy says‚Ä¶ https://t.co/DE9wK7fASG",Thu Nov 08 11:56:52 +0000 2018
143,@CBSNews,0.7506,0.307,0.583,0.11,"""He died a hero because he went -- he went in to save lives, save other people."" 

Ventura County Sgt. Ron Helus, 2‚Ä¶ https://t.co/8XA1s07St7",Thu Nov 08 11:46:21 +0000 2018
144,@CBSNews,0.0,0.0,1.0,0.0,"Witness says there were about ""100-130 people"" inside the Thousand Oaks, California, bar when the gunman started sh‚Ä¶ https://t.co/isp1UBzLXK",Thu Nov 08 11:29:14 +0000 2018
145,@CBSNews,0.0,0.0,1.0,0.0,"""As soon as the first shot went off, the first thought through my head was someone had an M-80 or something. Then I‚Ä¶ https://t.co/DEWUE06hoQ",Thu Nov 08 11:24:02 +0000 2018
146,@CBSNews,-0.6486,0.0,0.751,0.249,"BREAKING: 13 people, including gunman dead in Southern California bar mass shooting https://t.co/1NYWNRai9i https://t.co/vjiNaIXGiW",Thu Nov 08 11:21:13 +0000 2018
147,@CBSNews,0.0,0.0,1.0,0.0,Acting Attorney General Matt Whitaker to oversee Mueller probe https://t.co/w5VzDga9A0 https://t.co/Qqg1WUHLjq,Thu Nov 08 11:03:04 +0000 2018
148,@CBSNews,-0.296,0.105,0.742,0.152,"CBS News Special Report: ""Multiple fatalities"" in mass shooting at bar in Thousand Oaks, Calif. At least 11 hit, in‚Ä¶ https://t.co/xkl7fQsMhU",Thu Nov 08 10:54:20 +0000 2018
149,@CBSNews,0.0,0.0,1.0,0.0,Alexandria Ocasio-Cortez becomes youngest woman ever elected to Congress https://t.co/P7GkSjH4tk https://t.co/WVpOzzHxwt,Thu Nov 08 10:48:03 +0000 2018
150,@CBSNews,0.0,0.0,1.0,0.0,Suburban revolt helped propel Democrats to House victory https://t.co/zDSZlzh3TU https://t.co/MqZnINdMX7,Thu Nov 08 10:33:03 +0000 2018
151,@CBSNews,-0.886,0.0,0.591,0.409,"""Multiple fatalities"" among at least 11 shot at bar in Thousand Oaks, Calif.; suspect dead, authorities said‚Ä¶ https://t.co/2I3EfplhGH",Thu Nov 08 10:20:31 +0000 2018
152,@CBSNews,-0.3182,0.0,0.777,0.223,Marijuana stocks up after Jeff Sessions resigns https://t.co/SR5pexhb3I https://t.co/BX3tA8pqN5,Thu Nov 08 10:18:03 +0000 2018
153,@CBSNews,0.3612,0.288,0.565,0.147,"Former DEA special agent: U.S. opioid epidemic becoming a ""national security emergency"" https://t.co/Lh1yPX0Bi7 https://t.co/RCwh406RvN",Thu Nov 08 10:03:03 +0000 2018
154,@CBSNews,-0.7003,0.0,0.714,0.286,Colorado votes to abolish slavery after proponent receives burning campaign fliers https://t.co/iaZ3br8Ois https://t.co/CMW0XVJfyk,Thu Nov 08 09:48:03 +0000 2018
155,@CBSNews,0.0,0.0,1.0,0.0,"At least 11 people, including a sheriff's deputy, were shot in bar in Thousand Oaks, Calif., some 40 miles west of‚Ä¶ https://t.co/BlUJJrxoH7",Thu Nov 08 09:35:47 +0000 2018
156,@CBSNews,0.4019,0.197,0.803,0.0,"San Francisco voters pass ""head"" tax to help homeless residents https://t.co/MHB5SAuNz3 https://t.co/K7Iv8hT9Vb",Thu Nov 08 09:33:03 +0000 2018
157,@CBSNews,0.0,0.0,1.0,0.0,Marine Corps aviators grounded amid investigation into phallic flight pattern https://t.co/padabTqt8k https://t.co/OYKIMhhqRM,Thu Nov 08 09:18:03 +0000 2018
158,@CBSNews,-0.6249,0.0,0.683,0.317,Jurors selected for trial of notorious accused drug lord El Chapo https://t.co/QA1y5g1ZVT https://t.co/QtMXIq7EyO,Thu Nov 08 09:03:03 +0000 2018
159,@CBSNews,0.0,0.0,1.0,0.0,Girl Scouts sue Boy Scouts over program's name change https://t.co/Ayg6VXmUxj https://t.co/DpJuRyKYst,Thu Nov 08 08:48:03 +0000 2018
160,@CBSNews,-0.926,0.0,0.419,0.581,2 serial killers found dead within hours on California's death row https://t.co/QlqMM7T1KF https://t.co/U8xhonEnl0,Thu Nov 08 08:40:07 +0000 2018
161,@CBSNews,0.0,0.0,1.0,0.0,"Possible mass shooting at bar in Thousand Oaks, California https://t.co/MouUs7HnIp https://t.co/qTElup2a4c",Thu Nov 08 08:30:26 +0000 2018
162,@CBSNews,0.0,0.0,1.0,0.0,Will Democrats impeach Trump now that they control the House? https://t.co/u64cXw8zmm https://t.co/kYLCe2DDkS,Thu Nov 08 08:18:03 +0000 2018
163,@CBSNews,0.0772,0.091,0.909,0.0,Record number of women to serve in Congress following 2018 midterm elections https://t.co/Oep24J4Ksw https://t.co/APaH80LAxw,Thu Nov 08 08:03:04 +0000 2018
164,@CBSNews,0.0,0.0,1.0,0.0,"Ilhan Omar, first Muslim refugee elected to the House, wants to be a check on rhetoric of fear‚Ä¶ https://t.co/zZKlaO3cDd",Thu Nov 08 07:48:03 +0000 2018
165,@CBSNews,0.4939,0.271,0.647,0.082,Motel 6 reportedly agrees to pay millions after sharing guest lists with ICE https://t.co/olRxY16qF8 https://t.co/Dbe32VIUrM,Thu Nov 08 07:33:03 +0000 2018
166,@CBSNews,0.0,0.0,1.0,0.0,"Voters in GOP-led states give themselves raise, increasing minimum wage https://t.co/ha2H3ktKSQ https://t.co/6SdrmlavgU",Thu Nov 08 07:18:03 +0000 2018
167,@CBSNews,0.3818,0.245,0.755,0.0,Republican lawmakers largely accept Trump ousting Sessions https://t.co/ZCyjcaox40 https://t.co/2Mmf7zmMy1,Thu Nov 08 07:03:04 +0000 2018
168,@CBSNews,-0.5267,0.0,0.779,0.221,"More than 100 animals trapped in ""whale jail"" off Russia's coast https://t.co/ygb9Vrl7w4 https://t.co/7NNdKs5aZV",Thu Nov 08 06:48:04 +0000 2018
169,@CBSNews,0.7906,0.412,0.588,0.0,Democrats snag a win in Nevada where health care was paramount https://t.co/rArakjCK7D https://t.co/fogzbliYql,Thu Nov 08 06:33:03 +0000 2018
170,@CBSNews,0.0,0.0,1.0,0.0,House Democrats prepare to take the reins as balance of power shifts in Washington https://t.co/y0IeaKaKOs https://t.co/LdZr35X4vo,Thu Nov 08 06:18:03 +0000 2018
171,@CBSNews,-0.296,0.0,0.864,0.136,Wall Street billionaire says he's eyeing move to Puerto Rico to avoid taxes https://t.co/BDzT1wtcox https://t.co/pcgP4pHem4,Thu Nov 08 06:03:03 +0000 2018
172,@CBSNews,-0.3182,0.0,0.897,0.103,Scott Walker narrowly loses Wisconsin governor's race ‚Äì and he can't ask for a recount because of a law he put in p‚Ä¶ https://t.co/aLOYt6ohZr,Thu Nov 08 05:48:03 +0000 2018
173,@CBSNews,-0.4404,0.0,0.672,0.328,Washington state voters approve tough gun control measures https://t.co/gGS4sXRBK8 https://t.co/AlLXpLjhQH,Thu Nov 08 05:33:03 +0000 2018
174,@CBSNews,-0.1531,0.195,0.579,0.226,Dead brothel owner and reality TV star wins Nevada Assembly seat https://t.co/kR0jwnC3A2 https://t.co/rDAFn0sLVj,Thu Nov 08 05:18:04 +0000 2018
175,@CBSNews,-0.8126,0.104,0.481,0.415,Alaska voters reject judge who approved no jail time for man who pleaded guilty to felony assault‚Ä¶ https://t.co/qGDztR8B7d,Thu Nov 08 05:14:09 +0000 2018
176,@CBSNews,0.5719,0.179,0.821,0.0,"Zach Wahls, who went viral defending his lesbian moms in speech, wins Iowa state Senate seat https://t.co/B5PKQqDjQU https://t.co/D0DOqIpwwY",Thu Nov 08 05:03:04 +0000 2018
177,@CBSNews,0.0,0.0,1.0,0.0,Marine Corps aviators grounded amid investigation into phallic flight pattern https://t.co/VadQXzjLpa https://t.co/44BHSGl0uR,Thu Nov 08 04:48:03 +0000 2018
178,@CBSNews,0.0,0.0,1.0,0.0,Record voter turnout in 2018 midterm elections https://t.co/qaEt6Ml4rG https://t.co/Y0WPLArs2P,Thu Nov 08 04:33:03 +0000 2018
179,@CBSNews,0.0,0.0,1.0,0.0,"Who is Matthew Whitaker, the new acting attorney general? https://t.co/03UJxWVBSo https://t.co/aODtWSNP49",Thu Nov 08 04:18:04 +0000 2018
180,@CBSNews,-0.4019,0.0,0.654,0.346,China unveils stealth combat drone under development https://t.co/0A27OdVWsQ https://t.co/crKBypTJJP,Thu Nov 08 04:03:03 +0000 2018
181,@CBSNews,0.3182,0.282,0.565,0.153,Boeing 737 Max 8 safety alert issued after deadly Lion Air crash https://t.co/Tu2JS9U5sp https://t.co/8onPzoo9lJ,Thu Nov 08 03:54:29 +0000 2018
182,@CBSNews,0.0,0.0,1.0,0.0,Two former refugees make history with midterm victories https://t.co/GUmmpMgbtv https://t.co/384ixiTpvI,Thu Nov 08 03:20:10 +0000 2018
183,@CBSNews,0.0,0.0,1.0,0.0,Florida Attorney General Pam Bondi under consideration to replace Sessions https://t.co/2m9RBDeesW https://t.co/GhJ67NmMXo,Thu Nov 08 03:00:01 +0000 2018
184,@CBSNews,-0.9211,0.0,0.517,0.483,HORRIFYING ATTACK: Las Vegas Metro police released surveillance video of a violent carjacking of a 78-year-old man‚Ä¶ https://t.co/qaG1wg7RmP,Thu Nov 08 02:40:04 +0000 2018
185,@CBSNews,-0.4767,0.0,0.866,0.134,"JUST IN: The White House has suspended CNN reporter Jim Acosta's press pass, hours after he sparred with Pres. Trum‚Ä¶ https://t.co/QuBMhnjiW4",Thu Nov 08 02:17:44 +0000 2018
186,@CBSNews,-0.2263,0.176,0.588,0.235,Sears faces new test: Luring holiday shoppers while bankrupt https://t.co/392RtV184O https://t.co/8nccrkMXIl,Thu Nov 08 01:59:30 +0000 2018
187,@CBSNews,-0.3559,0.0,0.829,0.171,Voters who may oppose Pres. Trump don't really support impeaching him https://t.co/hIcpx3OKlB https://t.co/0YyY8fxyHc,Thu Nov 08 01:39:49 +0000 2018
188,@CBSNews,0.5719,0.179,0.821,0.0,"Zach Wahls, who went viral defending his lesbian moms in speech, wins Iowa state Senate seat https://t.co/Q24l1hUhZD https://t.co/WmPcu3Tzkr",Thu Nov 08 01:19:36 +0000 2018
189,@CBSNews,0.5859,0.226,0.774,0.0,"Black candidates for first time win sheriff, DA in largest Alabama county https://t.co/8OJrax4aDh https://t.co/m0hMxTyhwx",Thu Nov 08 01:02:00 +0000 2018
190,@CBSNews,0.7506,0.225,0.775,0.0,"RT @CBSEveningNews: ""Health care was on the ballot and health care won,"" House Minority Leader Nancy Pelosi said Wed.

The CBS News exit po‚Ä¶",Thu Nov 08 00:55:31 +0000 2018
191,@CBSNews,0.0,0.0,1.0,0.0,"Mitt Romney is heading to Washington after all ‚Äî to serve as a U.S Senator for Utah. 

@JanCBS has more on the poli‚Ä¶ https://t.co/J0YWBWuAuV",Thu Nov 08 00:32:44 +0000 2018
192,@CBSNews,-0.3182,0.0,0.897,0.103,Scott Walker narrowly loses Wisconsin governor's race ‚Äì and he can't ask for a recount because of a law he put in p‚Ä¶ https://t.co/bhUUP3fOvd,Thu Nov 08 00:24:30 +0000 2018
193,@CBSNews,0.6369,0.184,0.816,0.0,RT @CBSEveningNews: CBS News estimates the Democrats gained at least 27 seats in the House but the Republicans gained at least two in the S‚Ä¶,Thu Nov 08 00:21:28 +0000 2018
194,@CBSNews,0.6674,0.255,0.745,0.0,". @jeffglor: ‚ÄúRecord turnout, 114 million. First midterm over 100 million. So, remarkable number. Which side does t‚Ä¶ https://t.co/pBdW6wzzH3",Thu Nov 08 00:19:52 +0000 2018
195,@CBSNews,-0.4215,0.0,0.899,0.101,"RT @CBSEveningNews: Dem. flipped at least 27 House seats on Tuesday -- from Okla. to Ill. and Va. to N.Y.

CBS News exit polls found suburb‚Ä¶",Thu Nov 08 00:06:21 +0000 2018
196,@CBSNews,-0.8402,0.0,0.724,0.276,"RT @CBSEveningNews: One fled the violence of a Somalian civil war as a child; another fled Afghanistan and the Taliban 21 years ago.

On th‚Ä¶",Thu Nov 08 00:06:17 +0000 2018
197,@CBSNews,0.0,0.0,1.0,0.0,Alexandria Ocasio-Cortez becomes youngest woman ever elected to Congress https://t.co/t01bbGcMP3 https://t.co/Yg8CMM6ZhM,Thu Nov 08 00:04:36 +0000 2018
198,@CBSNews,0.0,0.0,1.0,0.0,"RT @CBSEveningNews: The president talked up the notion of ‚Äúbeautiful bipartisanship‚Äù on Wednesday, but in a sharply divided Congress, what‚Ä¶",Wed Nov 07 23:54:59 +0000 2018
199,@CBSNews,0.0,0.0,1.0,0.0,"RT @CBSEveningNews: Pres. Trump‚Äôs post-election news conference began with calls for bipartisanship. It quickly turned combative. 

The pre‚Ä¶",Wed Nov 07 23:52:07 +0000 2018
200,@CNN,0.0,0.0,1.0,0.0,Nancy Pelosi plans to push for the revival of a climate change committee in the new Congress https://t.co/0en5QcHyGU https://t.co/Lsg56aS3H2,Thu Nov 08 20:20:06 +0000 2018
201,@CNN,0.296,0.181,0.69,0.129,"A hospital and 11 schools in Paradise, California, were forced to evacuate patients and students as the fast-moving‚Ä¶ https://t.co/286CeiXER9",Thu Nov 08 20:10:08 +0000 2018
202,@CNN,0.0,0.0,1.0,0.0,"Fed leaves rates unchanged, signals December hike https://t.co/BDuisETWHJ https://t.co/hAS2kzXow7",Thu Nov 08 20:00:11 +0000 2018
203,@CNN,-0.5994,0.0,0.822,0.178,"As Thanksgiving nears, 74 more cases of salmonella, including 1 death, have been linked to raw turkey products, the‚Ä¶ https://t.co/rJdwDgGMDQ",Thu Nov 08 19:50:09 +0000 2018
204,@CNN,-0.3818,0.11,0.72,0.17,"Thousand Oaks is supposed to be a safe place. The Southern California city, where at least 12 people were killed in‚Ä¶ https://t.co/29EL8O3Jbd",Thu Nov 08 19:40:10 +0000 2018
205,@CNN,0.0,0.0,1.0,0.0,Voters in Colorado have elected to change the language of their state's constitution and abolish all forms of slave‚Ä¶ https://t.co/DqbsAs1nzH,Thu Nov 08 19:30:12 +0000 2018
206,@CNN,0.7506,0.285,0.65,0.065,"Justice Ruth Bader Ginsburg fractured three ribs after falling in her Supreme Court office Wednesday night, the Sup‚Ä¶ https://t.co/pEe3PmFTdM",Thu Nov 08 19:20:03 +0000 2018
207,@CNN,0.0,0.0,1.0,0.0,It's creepy how human this robot looks https://t.co/NGGN8WDcw7 https://t.co/nLoaNFWZ9h,Thu Nov 08 19:16:00 +0000 2018
208,@CNN,0.3182,0.119,0.881,0.0,"A federal appeals court says the Trump administration can't end DACA, the Obama-era program that protects young und‚Ä¶ https://t.co/2Ux29UPzyE",Thu Nov 08 19:04:38 +0000 2018
209,@CNN,-0.1695,0.0,0.942,0.058,"RT @CNNnewsroom: ""He was a cop's cop. He was the guy that -- I'm not surprised he was the first in the door last night,"" says Sgt. Eric Bus‚Ä¶",Thu Nov 08 18:58:02 +0000 2018
210,@CNN,-0.4767,0.0,0.846,0.154,"Doctors said he'd never walk again after a sporting accident. Now, with a revolutionary new spinal implant, he can‚Ä¶ https://t.co/A2lcqB0Oa2",Thu Nov 08 18:57:00 +0000 2018
211,@CNN,-0.2732,0.0,0.905,0.095,"Police have found the stolen SUV used in the kidnapping of 13-year-old Hania Aguilar, but the North Carolina teen i‚Ä¶ https://t.co/g0svDTc5IF",Thu Nov 08 18:47:15 +0000 2018
212,@CNN,0.0,0.0,1.0,0.0,President Trump is considering former New Jersey Gov. Chris Christie and Florida Attorney General Pam Bondi to repl‚Ä¶ https://t.co/px88TXGBvS,Thu Nov 08 18:44:36 +0000 2018
213,@CNN,0.6597,0.351,0.649,0.0,Thanks to the @nytimes editorial board for this. We agree. https://t.co/3EIwgb7sNp https://t.co/F8CgIj7wmT,Thu Nov 08 18:30:08 +0000 2018
214,@CNN,-0.2732,0.0,0.909,0.091,"RT @CNNnewsroom: ""I can not believe it's happened to my family,"" says Jason Coffman, father of California shooting victim Cody Coffman. ""I'‚Ä¶",Thu Nov 08 18:26:37 +0000 2018
215,@CNN,-0.6597,0.0,0.82,0.18,"The captain of a duck boat that capsized in July on a Missouri lake, killing 17 people, has been indicted by a fede‚Ä¶ https://t.co/suFEYGMBfa",Thu Nov 08 18:22:24 +0000 2018
216,@CNN,0.0,0.0,1.0,0.0,"Homicides and suicides involving guns have been increasing, according to new data from the US Centers for Disease C‚Ä¶ https://t.co/kwmKGOEbf3",Thu Nov 08 18:13:15 +0000 2018
217,@CNN,0.0,0.0,1.0,0.0,"Drone video shows the Indian city of Ayodhya breaking a Guinness World Record by lighting more than 300,000 clay oi‚Ä¶ https://t.co/YtiUxZdQ6b",Thu Nov 08 18:00:01 +0000 2018
218,@CNN,0.0,0.0,1.0,0.0,Walmart thinks shopping via text might be retail's next big thing https://t.co/ZeULF9i8Uo https://t.co/O5sE9JY71q,Thu Nov 08 17:52:12 +0000 2018
219,@CNN,0.4215,0.123,0.877,0.0,Fasten your seat belt and settle in for this '80s-inspired safety video from Air New Zealand. 600 cast members star‚Ä¶ https://t.co/lnkGHKcEka,Thu Nov 08 17:43:00 +0000 2018
220,@CNN,0.0,0.0,1.0,0.0,"If you're in Hong Kong, it might be time you stepped on board the world's largest floating restaurant‚Ä¶ https://t.co/IKqwWak4gO",Thu Nov 08 17:35:00 +0000 2018
221,@CNN,0.3612,0.116,0.884,0.0,Here's what it's like to go off-roading in the world's most expensive SUV. The Rolls-Royce Cullinan is the 114-year‚Ä¶ https://t.co/KDxu7PGwsm,Thu Nov 08 17:26:56 +0000 2018
222,@CNN,0.0,0.0,1.0,0.0,"Police were called to the Washington, D.C. home of Fox News host Tucker Carlson on Wednesday night when a group of‚Ä¶ https://t.co/aWud7qvlWQ",Thu Nov 08 17:17:55 +0000 2018
223,@CNN,0.6597,0.221,0.779,0.0,"RT @CNNnewsroom: ""I owe that man my life... I'm truly blessed."" 
Speaking with CNN's @KateBolduan, a survivor of the California bar shootin‚Ä¶",Thu Nov 08 17:01:58 +0000 2018
224,@CNN,0.0,0.0,1.0,0.0,Here's why investors aren't gobbling up food stocks | via @ChristineRomans https://t.co/P2C2vhi1za https://t.co/jve8APtir2,Thu Nov 08 17:00:19 +0000 2018
225,@CNN,0.5859,0.202,0.798,0.0,"The big winner Tuesday night? Women.

Watch The Point with Chris Cillizza on YouTube https://t.co/XodxdNI1hf https://t.co/R5A8rszaiF",Thu Nov 08 16:42:54 +0000 2018
226,@CNN,0.4019,0.13,0.87,0.0,This Georgia high school football coach proposed to his girlfriend after enlisting the help of high school seniors‚Ä¶ https://t.co/rf3nKbHfdz,Thu Nov 08 16:38:28 +0000 2018
227,@CNN,-0.7506,0.0,0.684,0.316,"High blood pressure, smoking and diabetes raise a woman's risk of heart attack more than these factors raise a man'‚Ä¶ https://t.co/vCsJziFQat",Thu Nov 08 16:19:41 +0000 2018
228,@CNN,-0.6705,0.0,0.816,0.184,"RT @CNNnewsroom: ‚ÄúLike hell.‚Äù 

Ventura County Sheriff Geoff Dean describes the scene inside the bar where 12 were killed Wednesday night.‚Ä¶",Thu Nov 08 16:07:43 +0000 2018
229,@CNN,0.0,0.0,1.0,0.0,"Eric Schneiderman, the former New York Attorney General who stepped down after multiple women came forward with all‚Ä¶ https://t.co/bQpOPXM2BW",Thu Nov 08 16:03:55 +0000 2018
230,@CNN,0.0,0.0,1.0,0.0,President Trump is considering former New Jersey Gov. Chris Christie and Florida Attorney General Pam Bondi to repl‚Ä¶ https://t.co/0vTFUTa7fu,Thu Nov 08 15:54:10 +0000 2018
231,@CNN,-0.6124,0.0,0.762,0.238,The Girl Scouts of the USA has filed a trademark infringement lawsuit against the Boy Scouts of America https://t.co/n14CaDpI8N,Thu Nov 08 15:46:56 +0000 2018
232,@CNN,0.0,0.0,1.0,0.0,"There were 6 off-duty officers from various agencies inside the bar at the time of the Thousand Oaks shooting, Vent‚Ä¶ https://t.co/C2SD3xHzkO",Thu Nov 08 15:36:32 +0000 2018
233,@CNN,0.0,0.0,1.0,0.0,"Jeff Sessions' ouster as attorney general was a long time in the making, but his sudden departure has sent Washingt‚Ä¶ https://t.co/Cn8pw3buIw",Thu Nov 08 15:32:47 +0000 2018
234,@CNN,-0.2263,0.0,0.905,0.095,The suspected gunman in last night‚Äôs deadly Thousand Oaks shooting has been identified as 28-year-old Ian David Lon‚Ä¶ https://t.co/6kNMruMM03,Thu Nov 08 15:15:16 +0000 2018
235,@CNN,-0.3818,0.11,0.72,0.17,"Thousand Oaks is supposed to be a safe place. The Southern California city, where at least 12 people were killed in‚Ä¶ https://t.co/G1Dneqr3HO",Thu Nov 08 15:01:30 +0000 2018
236,@CNN,-0.7184,0.0,0.75,0.25,North Korea is getting increasingly angry at the US as talks are deadlocked and tensions between the two countries‚Ä¶ https://t.co/F2zbXnzTNt,Thu Nov 08 14:50:02 +0000 2018
237,@CNN,0.0,0.0,1.0,0.0,Voters in Colorado have elected to change the language of their state's constitution and abolish all forms of slave‚Ä¶ https://t.co/7yJ6lR0Aua,Thu Nov 08 14:40:05 +0000 2018
238,@CNN,0.3182,0.126,0.874,0.0,Car companies are rushing to embrace scooters and bikes so that they don't find themselves irrelevant‚Ä¶ https://t.co/2F4yjNLAhF,Thu Nov 08 14:30:10 +0000 2018
239,@CNN,0.7506,0.285,0.65,0.065,JUST IN: Justice Ruth Bader Ginsburg fractured three ribs after falling in her Supreme Court office Wednesday night‚Ä¶ https://t.co/Wb7NijivxZ,Thu Nov 08 14:20:21 +0000 2018
240,@CNN,-0.4767,0.0,0.853,0.147,"Georgia Democrat Lucy McBath has defeated Republican Rep. Karen Handel to be elected to Congress, CNN projects. Han‚Ä¶ https://t.co/3fOn8vDE4E",Thu Nov 08 14:09:09 +0000 2018
241,@CNN,-0.6705,0.0,0.8,0.2,"‚ñ† At least 12 people killed, including 29-year law enforcement veteran, Sgt. Ron Helus

‚ñ† The shooter was found dea‚Ä¶ https://t.co/NjOXvsbhWn",Thu Nov 08 14:07:57 +0000 2018
242,@CNN,0.0,0.0,1.0,0.0,Acting Attorney General Matt Whitaker has been briefed on the shooting in California and will receive updates as au‚Ä¶ https://t.co/MOpyXlmrF6,Thu Nov 08 13:55:41 +0000 2018
243,@CNN,-0.2263,0.098,0.737,0.165,"""When he heard the gunfire, he ran in. He ran in and no doubt saved others... And that's what cops do. That's what‚Ä¶ https://t.co/EhqeVp5Qnp",Thu Nov 08 13:44:28 +0000 2018
244,@CNN,-0.3612,0.0,0.884,0.116,"Connecticut Rep. Jim Himes on the Thousand Oaks shooting: ""I‚Äôm embarrassed to say... my first thought was, ‚Äòhere we‚Ä¶ https://t.co/q1nQIJ27gn",Thu Nov 08 13:23:46 +0000 2018
245,@CNN,0.4939,0.186,0.814,0.0,What a split Congress means for key domestic issues from taxes to health care https://t.co/X2KdP1e9wP https://t.co/rT8jzdtjGG,Thu Nov 08 13:17:21 +0000 2018
246,@CNN,-0.2732,0.0,0.84,0.16,"Toshiba plans to cut 7,000 jobs and refocus its business https://t.co/NhTQPpBTlq https://t.co/iKsdandshH",Thu Nov 08 12:56:26 +0000 2018
247,@CNN,0.0,0.0,1.0,0.0,"RT @NewDay: Thousand Oaks shooting witness Taylor Von Molt describes what she saw from the dance floor of the Borderline Bar &amp; Grill: ""I tu‚Ä¶",Thu Nov 08 12:54:31 +0000 2018
248,@CNN,0.0,0.0,1.0,0.0,"5 things for Thursday:

- Thousand Oaks shooting
- Jeff Sessions
- President Trump
- Chinese exports
- Girl Scouts‚Ä¶ https://t.co/l9DqmmLVxh",Thu Nov 08 12:42:25 +0000 2018
249,@CNN,0.0,0.0,1.0,0.0,"Sgt. Ron Helus had been set to retire in the next year from the Ventura County, California Sheriff's Office. He was‚Ä¶ https://t.co/UOMzk3OpzK",Thu Nov 08 12:34:45 +0000 2018
250,@CNN,0.0,0.0,1.0,0.0,"Jeff Sessions' ouster as attorney general was a long time in the making, but his sudden departure has sent Washingt‚Ä¶ https://t.co/DdtLWl0x0E",Thu Nov 08 12:24:35 +0000 2018
251,@CNN,0.0,0.0,1.0,0.0,The Trump factor: How the President rallied his base and alienated the suburbs https://t.co/sL42fRNU1Z https://t.co/UnnNwt9xll,Thu Nov 08 12:04:52 +0000 2018
252,@CNN,-0.34,0.0,0.888,0.112,"""This guy just came out of nowhere and came out with a gun and shot people"": https://t.co/Und2KCJXmc

What we know‚Ä¶ https://t.co/HsucvwOe6S",Thu Nov 08 11:52:22 +0000 2018
253,@CNN,-0.6705,0.0,0.809,0.191,"A Ventura County sheriff‚Äôs deputy is among those killed in the Borderline Bar &amp; Grill shooting.

Follow for live up‚Ä¶ https://t.co/9wmzT2RLnq",Thu Nov 08 11:33:33 +0000 2018
254,@CNN,0.1027,0.097,0.903,0.0,This 69-year-old man is trying to legally change his age to 49 https://t.co/DBsQb1Mr6s https://t.co/MUEB5l0iP4,Thu Nov 08 11:23:04 +0000 2018
255,@CNN,0.3182,0.126,0.874,0.0,Car companies are rushing to embrace scooters and bikes so that they don't find themselves irrelevant‚Ä¶ https://t.co/mta8AMV6pd,Thu Nov 08 11:16:06 +0000 2018
256,@CNN,-0.6705,0.0,0.824,0.176,"JUST IN: 12 people were killed in the bar shooting in Thousand Oaks, California, the sheriff says. The gunman is al‚Ä¶ https://t.co/MS4JrORlbw",Thu Nov 08 11:04:05 +0000 2018
257,@CNN,-0.7506,0.097,0.612,0.291,Getting a mastectomy to treat breast cancer can be an agonizing wait in South Africa. But this surgeon is changing‚Ä¶ https://t.co/mmn20wwZ37,Thu Nov 08 11:04:02 +0000 2018
258,@CNN,0.0,0.0,1.0,0.0,More Americans are turning to yoga and meditation https://t.co/dnilmCWaiL https://t.co/DOC9S6MU5m,Thu Nov 08 10:55:05 +0000 2018
259,@CNN,0.0,0.0,1.0,0.0,Voters in Colorado have elected to change the language of their state's constitution and abolish all forms of slave‚Ä¶ https://t.co/EeA51T36TX,Thu Nov 08 10:48:05 +0000 2018
260,@CNN,0.0,0.0,1.0,0.0,"Nevada voters amended a ""pink tax"" from 1955 and removed sales and storage tax on tampons and sanitary pads‚Ä¶ https://t.co/iONgsR8gqE",Thu Nov 08 10:40:08 +0000 2018
261,@CNN,-0.5994,0.0,0.822,0.178,"JUST IN: Fatalities have been reported in the Thousand Oaks, California bar shooting, officials say. The shooter is‚Ä¶ https://t.co/zUxXjWo3IH",Thu Nov 08 10:39:10 +0000 2018
262,@CNN,-0.7184,0.0,0.75,0.25,North Korea is getting increasingly angry at the US as talks are deadlocked and tensions between the two countries‚Ä¶ https://t.co/6TBvdq3Rex,Thu Nov 08 10:31:07 +0000 2018
263,@CNN,-0.5719,0.084,0.675,0.241,Wells Fargo executives were warned that the bank's auto insurance program was harming customers four years before i‚Ä¶ https://t.co/gqse17Ixqd,Thu Nov 08 10:16:08 +0000 2018
264,@CNN,0.4939,0.186,0.814,0.0,What a split Congress means for key domestic issues from taxes to health care https://t.co/VXZhoNexqT https://t.co/asXyi8DyKP,Thu Nov 08 10:07:03 +0000 2018
265,@CNN,0.1779,0.131,0.769,0.1,"The Pentagon is no longer calling the US military mission on the southern border ""Operation Faithful Patriot,"" offi‚Ä¶ https://t.co/Ob8v2xavbV",Thu Nov 08 09:54:04 +0000 2018
266,@CNN,-0.6808,0.0,0.772,0.228,"There's no threat to the public after the shooting in Thousand Oaks, California, police say. ""We don‚Äôt feel that th‚Ä¶ https://t.co/Z0Hg7yaC8e",Thu Nov 08 09:52:44 +0000 2018
267,@CNN,-0.4767,0.0,0.853,0.147,"Harvard researchers' suggestion of an alien space probe is probably wrong | By Don Lincoln, a senior scientist at F‚Ä¶ https://t.co/9IQ6pBwgz6",Thu Nov 08 09:47:02 +0000 2018
268,@CNN,-0.4019,0.0,0.856,0.144,"At least 11 people were injured in the bar shooting in Thousand Oaks, California, officials say https://t.co/TNTISaXlVO",Thu Nov 08 09:44:59 +0000 2018
269,@CNN,0.0,0.0,1.0,0.0,"The Oklahoma Education Association said that 16 members of its education caucus -- current or former educators, adm‚Ä¶ https://t.co/c99XwCRXz5",Thu Nov 08 09:38:04 +0000 2018
270,@CNN,0.25,0.156,0.734,0.11,"Matthew Whitaker, who is taking over the Justice Department following Jeff Sessions' firing as attorney general, ha‚Ä¶ https://t.co/1wk2I7IFHe",Thu Nov 08 09:31:04 +0000 2018
271,@CNN,0.0,0.0,1.0,0.0,Authorities say they are still looking for the gunman in the California bar shooting. Live updates:‚Ä¶ https://t.co/ahtozmfIyG,Thu Nov 08 09:24:23 +0000 2018
272,@CNN,0.0,0.0,1.0,0.0,The 2018 midterm elections brought a series of history-making votes that marked major accomplishments for women and‚Ä¶ https://t.co/9BGXR8Iqda,Thu Nov 08 09:24:05 +0000 2018
273,@CNN,0.0,0.0,1.0,0.0,"The moment people went wild for Colorado's first ""first man"" https://t.co/RBTHl5NqK6 https://t.co/WDAqXqPSkm",Thu Nov 08 09:15:14 +0000 2018
274,@CNN,-0.4019,0.0,0.863,0.137,"BREAKING: Multiple people have been injured in a shooting Wednesday night at a local bar in Thousand Oaks, Californ‚Ä¶ https://t.co/0dw6Iq6Sk1",Thu Nov 08 08:44:04 +0000 2018
275,@CNN,0.4847,0.222,0.778,0.0,"Chinese exports leaped almost 16% in October, despite US trade war https://t.co/fEIZnTAuvP",Thu Nov 08 08:09:44 +0000 2018
276,@CNN,0.0,0.0,1.0,0.0,Tesla has picked Australian telecoms executive Robyn Denholm to replace Elon Musk as chair of the electric car comp‚Ä¶ https://t.co/YwvjJKA5dw,Thu Nov 08 07:50:15 +0000 2018
277,@CNN,-0.1027,0.089,0.804,0.107,"Few expected Trump would fire Sessions ""before the voting machines even had a chance to cool,"" writes Elie Honig, a‚Ä¶ https://t.co/JIDFKr28vt",Thu Nov 08 07:31:05 +0000 2018
278,@CNN,0.1154,0.075,0.925,0.0,"""The midterms were historic for all Americans, but especially for Generation Z."" We asked a number of first-time vo‚Ä¶ https://t.co/tSOejYBTZq",Thu Nov 08 07:31:00 +0000 2018
279,@CNN,0.0,0.0,1.0,0.0,Former British Prime Minister Tony Blair says tech should be regulated through a government partnership with the in‚Ä¶ https://t.co/QqfiO7X5Tk,Thu Nov 08 07:16:00 +0000 2018
280,@CNN,-0.0258,0.096,0.749,0.155,President Trump's sudden dismissal of Attorney General Jeff Sessions was a swift strike to exploit Washington's new‚Ä¶ https://t.co/wAgxbRnshc,Thu Nov 08 07:13:05 +0000 2018
281,@CNN,-0.7906,0.0,0.652,0.348,Prison union leaders and a former federal prison official are questioning the timing of Whitey Bulger's transfer to‚Ä¶ https://t.co/SUcy7mCFHl,Thu Nov 08 07:06:46 +0000 2018
282,@CNN,0.3919,0.16,0.742,0.098,"It would drive up the price of your barbecue, but a global ""meat tax"" could save 220,000 lives and cut health care‚Ä¶ https://t.co/bKWSUrMwnr",Thu Nov 08 07:01:06 +0000 2018
283,@CNN,0.3612,0.116,0.884,0.0,Here's what it's like to go off-roading in the world's most expensive SUV. The Rolls-Royce Cullinan is the 114-year‚Ä¶ https://t.co/ftgXW3jQvT,Thu Nov 08 06:46:00 +0000 2018
284,@CNN,0.0,0.0,1.0,0.0,A city in South Florida will have an all-LGBTQ City Commission after Tuesday's election https://t.co/I3BlkGJdUk,Thu Nov 08 06:31:07 +0000 2018
285,@CNN,0.0,0.0,1.0,0.0,"While voters were lining up to cast their ballots, this 106-year-old woman lined up at a US Citizenship and Immigra‚Ä¶ https://t.co/Nmk4CD0CsL",Thu Nov 08 06:16:00 +0000 2018
286,@CNN,0.0,0.0,1.0,0.0,"Britain's Prince Charles has spoken for the first time about what sort of king he will be, saying he will shift gea‚Ä¶ https://t.co/uZSNdPzClB",Thu Nov 08 06:12:13 +0000 2018
287,@CNN,0.0,0.0,1.0,0.0,Archeologists have spent centuries wondering how the towering pyramids of Giza were constructed thousands of years‚Ä¶ https://t.co/GIiqa5nTCy,Thu Nov 08 06:01:04 +0000 2018
288,@CNN,0.0,0.0,1.0,0.0,Voters in Colorado have elected to change the language of their state's constitution and abolish all forms of slave‚Ä¶ https://t.co/q1sQqd4W0s,Thu Nov 08 05:53:56 +0000 2018
289,@CNN,0.0,0.0,1.0,0.0,"Drone video shows the Indian city of Ayodhya breaking a Guinness World Record by lighting more than 300,000 clay oi‚Ä¶ https://t.co/6Wl6ny4oXC",Thu Nov 08 05:46:00 +0000 2018
290,@CNN,0.7579,0.333,0.667,0.0,64 truly remarkable lines from Donald Trump's otherworldly post-election news conference | Analysis by @CillizzaCNN‚Ä¶ https://t.co/35qzuPBSQg,Thu Nov 08 05:31:09 +0000 2018
291,@CNN,0.0,0.0,1.0,0.0,"If you're in Hong Kong, it might be time you stepped on board the world's largest floating restaurant‚Ä¶ https://t.co/CYbdKW8UX4",Thu Nov 08 05:16:00 +0000 2018
292,@CNN,0.4404,0.197,0.803,0.0,"RT @CNNTonight: ""People just want to be heard."" Democrat Sharice Davids reflects on her midterm election victory. ""They want to make sure t‚Ä¶",Thu Nov 08 05:12:27 +0000 2018
293,@CNN,0.5719,0.188,0.812,0.0,"The government rolled back protections for red wolves, but a judge may have saved them from extinction‚Ä¶ https://t.co/abawh6t7Pm",Thu Nov 08 05:01:04 +0000 2018
294,@CNN,0.0,0.0,1.0,0.0,"Voters just elected six more scientists to Congress, including a nuclear engineer and a biochemist‚Ä¶ https://t.co/wmUn0BkGAD",Thu Nov 08 04:46:03 +0000 2018
295,@CNN,-0.6124,0.0,0.762,0.238,The Girl Scouts of the USA has filed a trademark infringement lawsuit against the Boy Scouts of America https://t.co/Rd5YfqvfkB,Thu Nov 08 04:45:38 +0000 2018
296,@CNN,-0.4767,0.0,0.853,0.147,"Harvard researchers' suggestion of an alien space probe is probably wrong | By Don Lincoln, a senior scientist at F‚Ä¶ https://t.co/CSXgh8uQg0",Thu Nov 08 04:31:03 +0000 2018
297,@CNN,0.0,0.0,1.0,0.0,"Nevada voters amended a ""pink tax"" from 1955 and removed sales and storage tax on tampons and sanitary pads‚Ä¶ https://t.co/rFi3MjtRhq",Thu Nov 08 04:16:02 +0000 2018
298,@CNN,0.0,0.0,1.0,0.0,Acting Attorney General Matthew Whitaker was on the advisory board of a Florida company that was shut down by the F‚Ä¶ https://t.co/3CyJSuXp38,Thu Nov 08 04:01:04 +0000 2018
299,@CNN,-0.7398,0.0,0.674,0.326,Retiring Rep. Ryan Costello says President Trump chastising Republicans who didn't support him and lost their midte‚Ä¶ https://t.co/blQpPlpg2S,Thu Nov 08 03:46:06 +0000 2018
300,@FoxNews,0.0,0.0,1.0,0.0,BREAKING: Federal appeals court rules against Trump administration on DACA https://t.co/KHnrNvEKAM,Thu Nov 08 19:18:44 +0000 2018
301,@FoxNews,-0.6124,0.115,0.615,0.269,"Breaking News: Grand jury indicts captain of Missouri duck boat that sank in severe weather, killing 17 people https://t.co/ffOOgzRwdo",Thu Nov 08 17:02:25 +0000 2018
302,@FoxNews,-0.7783,0.0,0.638,0.362,"JUST IN: Police identify gunman who opened fire inside California bar, killing 12 https://t.co/PvITYr54AX",Thu Nov 08 15:14:45 +0000 2018
303,@FoxNews,0.7906,0.389,0.611,0.0,JUST IN: Supreme Court Justice Ruth Bader Ginsburg fractures 3 ribs in fall https://t.co/9UM9hKTz4m,Thu Nov 08 14:22:51 +0000 2018
304,@FoxNews,-0.6369,0.0,0.833,0.167,"Sgt. Ron Helus was fatally shot when he responded to the mass shooting on Nov. 7 at a bar in Thousand Oaks, Califor‚Ä¶ https://t.co/vOH3OWPN5S",Thu Nov 08 13:43:25 +0000 2018
305,@FoxNews,-0.6597,0.0,0.672,0.328,Tom Homan: ‚ÄúIt‚Äôs a tragedy each and every time.‚Äù https://t.co/dMV68Hfdz0 https://t.co/hrq51VJg7x,Thu Nov 08 13:35:03 +0000 2018
306,@FoxNews,-0.34,0.0,0.862,0.138,"People walk away from the scene in Thousand Oaks, Calif. where a gunman opened fire Wednesday.‚Ä¶ https://t.co/O3Oo2iLL8O",Thu Nov 08 13:22:27 +0000 2018
307,@FoxNews,0.0,0.0,1.0,0.0,Teylor Whittler describes what she witnessed at California bar shooting https://t.co/dMV68Hfdz0 https://t.co/YznTZgQoYY,Thu Nov 08 12:56:20 +0000 2018
308,@FoxNews,0.0,0.0,1.0,0.0,"An FBI agent talks to a potential witness as they stand near the scene in Thousand Oaks, Calif. where a gunman open‚Ä¶ https://t.co/7QOmXNTYM0",Thu Nov 08 12:37:05 +0000 2018
309,@FoxNews,-0.34,0.0,0.87,0.13,Ventura County Fire Department Captain Stan Ziegler: ‚ÄúHundreds of first responders responded initially to the scene‚Ä¶ https://t.co/o4gArhmy4e,Thu Nov 08 12:25:14 +0000 2018
310,@FoxNews,0.0258,0.105,0.795,0.1,"People comfort each other as they stand near the scene in Thousand Oaks, Calif. where a gunman opened fire during a‚Ä¶ https://t.co/wPI4XSpirC",Thu Nov 08 12:06:14 +0000 2018
311,@FoxNews,-0.6486,0.0,0.736,0.264,"California bar shooting leaves 12 dead, including sheriff's sergeant, police say https://t.co/dMV68Hfdz0 https://t.co/WvjarPpwPV",Thu Nov 08 11:54:22 +0000 2018
312,@FoxNews,-0.6486,0.0,0.719,0.281,"California bar shooting leaves 12 dead, including sheriff's sergeant, police say https://t.co/GqI77wMuYZ",Thu Nov 08 11:38:17 +0000 2018
313,@FoxNews,0.0,0.0,1.0,0.0,"Sheriff's deputies speak to potential witnesses as they stand near the scene in Thousand Oaks, Calif., where a gunm‚Ä¶ https://t.co/jPE8k9oQHr",Thu Nov 08 11:32:26 +0000 2018
314,@FoxNews,-0.6486,0.0,0.677,0.323,13 dead in country music bar including gunman https://t.co/PvITYr54AX https://t.co/UURBIatqte,Thu Nov 08 11:26:46 +0000 2018
315,@FoxNews,-0.6486,0.0,0.719,0.281,"12 dead in shooting at Thousand Oaks nightclub, police say https://t.co/PvITYr54AX https://t.co/o8Nf8WuJcZ",Thu Nov 08 11:18:08 +0000 2018
316,@FoxNews,-0.6486,0.0,0.765,0.235,"Breaking News: At least 12 dead in shooting at Thousand Oaks nightclub, police say https://t.co/u6sVxdzHq5",Thu Nov 08 11:13:32 +0000 2018
317,@FoxNews,0.0,0.0,1.0,0.0,.@CarleyShimkus is live with the ‚ÄòFox News Update‚Äô on Facebook Watch: https://t.co/hNrB8xzepH https://t.co/cQ9uxkjUIK,Thu Nov 08 11:12:14 +0000 2018
318,@FoxNews,0.0,0.0,1.0,0.0,"Authorities deliver an update on the shooting in Thousand Oaks, California. (Courtesy: KABC) https://t.co/BtGxxIfNx5",Thu Nov 08 10:53:33 +0000 2018
319,@FoxNews,0.0,0.0,1.0,0.0,Pastor Dimas Salaberrios on California shooting: ‚ÄúMy immediate thoughts go out to the families. Because what‚Äôs happ‚Ä¶ https://t.co/iowf5VOL2l,Thu Nov 08 10:36:12 +0000 2018
320,@FoxNews,0.4767,0.22,0.78,0.0,"Las Vegas shooting survivors were inside Thousand Oaks bar, friends say https://t.co/nW9TLTON9n",Thu Nov 08 10:30:40 +0000 2018
321,@FoxNews,-0.6486,0.0,0.765,0.235,"UPDATE: At least 11 wounded in shooting at California bar, gunman dead, police say https://t.co/awRowfbeRy",Thu Nov 08 10:24:08 +0000 2018
322,@FoxNews,-0.6486,0.0,0.619,0.381,Authorities confirm gunman is dead @FoxFriendsFirst https://t.co/PvITYr54AX https://t.co/a2EIH1EWmA,Thu Nov 08 10:16:43 +0000 2018
323,@FoxNews,-0.3182,0.0,0.892,0.108,Ventura County Sheriff‚Äôs Office Captain Garo Kuredjian: ‚ÄúI don‚Äôt know what the condition of any of the victims are‚Ä¶ https://t.co/96mT27WHZv,Thu Nov 08 10:10:46 +0000 2018
324,@FoxNews,0.0,0.0,1.0,0.0,"At least 11 shot, including sheriff‚Äôs deputy ‚Äî Jonathan Hunt has the latest from the scene of the California shooti‚Ä¶ https://t.co/sLzLyMsrn5",Thu Nov 08 10:03:44 +0000 2018
325,@FoxNews,-0.4939,0.0,0.714,0.286,Witnesses describe chaotic scene during Thousand Oaks shooting https://t.co/qE8RqKGjz3,Thu Nov 08 09:54:50 +0000 2018
326,@FoxNews,-0.5267,0.0,0.764,0.236,UPDATE: At least 11 people hurt in California shooting @FoxFriendsFirst https://t.co/PvITYr54AX https://t.co/RGWIkaxF4f,Thu Nov 08 09:46:19 +0000 2018
327,@FoxNews,0.4019,0.119,0.881,0.0,"Daniel Hoffman on California shooting: ‚ÄúThis still an active shooter scene, and the focus is on dealing with that a‚Ä¶ https://t.co/PiwHhe5HuX",Thu Nov 08 09:40:57 +0000 2018
328,@FoxNews,0.4939,0.144,0.856,0.0,"Former Las Vegas Metro Police Lt. Randy Sutton: ‚ÄúThose who respond to this show incredible bravery, because they ar‚Ä¶ https://t.co/idcJJuVRMP",Thu Nov 08 09:31:36 +0000 2018
329,@FoxNews,0.0,0.0,1.0,0.0,"Authorities deliver a briefing on a shooting in Thousand Oaks, California. (Courtesy: KCBS) https://t.co/5VGZz3rDIL",Thu Nov 08 09:25:02 +0000 2018
330,@FoxNews,0.0,0.0,1.0,0.0,"Mass shooting at California bar, @HeatherChilders &amp; @JackieibanezFNC have the latest @FoxFriendsFirst‚Ä¶ https://t.co/8c8H5LUFCu",Thu Nov 08 09:18:00 +0000 2018
331,@FoxNews,0.0,0.0,1.0,0.0,Tesla names Robyn Denholm as Chairman to replace Elon Musk (via @FoxBusiness) https://t.co/SKjBXxUdOD,Thu Nov 08 09:10:00 +0000 2018
332,@FoxNews,0.2006,0.126,0.783,0.091,@marcthiessen: ‚ÄúThe president today made very clear that he wants to cut deals with the Democrats. And quite frankl‚Ä¶ https://t.co/3eA2dn4vQh,Thu Nov 08 09:01:00 +0000 2018
333,@FoxNews,-0.4404,0.0,0.782,0.218,".@TuckerCarlson: ""While everyone else obsessed over dossiers and FISA warrants, Sessions worried about the mission‚Ä¶ https://t.co/LSvnOqZMsq",Thu Nov 08 09:00:00 +0000 2018
334,@FoxNews,-0.4939,0.216,0.44,0.344,"Wife's dying wish was for him to clean up bloody crime scene, suspect claims: reports https://t.co/7Wxd39jDEB",Thu Nov 08 08:51:00 +0000 2018
335,@FoxNews,0.0,0.0,1.0,0.0,DEVELOPING: Massive police response after reports of shooting at California nightclub https://t.co/awRowfsPJ6,Thu Nov 08 08:41:00 +0000 2018
336,@FoxNews,0.4939,0.158,0.842,0.0,".@senatemajldr Mitch McConnell said Wednesday that Democrats and Republicans will have to address health care ""on a‚Ä¶ https://t.co/XxmktKMZ7F",Thu Nov 08 08:31:00 +0000 2018
337,@FoxNews,0.5106,0.155,0.845,0.0,"Joseph diGenova on who could replace AG Sessions: ""@ChrisChristie would have the full confidence of @POTUS, which i‚Ä¶ https://t.co/lt485btkXG",Thu Nov 08 08:21:00 +0000 2018
338,@FoxNews,0.2263,0.186,0.69,0.124,Dem @GavinNewsom's wild victory party in LA features controversial rapper @common https://t.co/V9SSpxOUH7,Thu Nov 08 08:06:00 +0000 2018
339,@FoxNews,0.7096,0.296,0.704,0.0,".@jasoninthehouse: ‚ÄúAttorney General @jeffsessions is a patriot. He was a good Republican, and I applaud him for hi‚Ä¶ https://t.co/MRia8l8dOM",Thu Nov 08 08:01:00 +0000 2018
340,@FoxNews,0.5719,0.207,0.793,0.0,"Devotees lit earthen lamps in Ayodhya, India as part of Diwali celebrations, also known as a festival of lights, on‚Ä¶ https://t.co/uWGZnrkvqD",Thu Nov 08 07:51:00 +0000 2018
341,@FoxNews,-0.7351,0.0,0.721,0.279,".@TGowdySC on Jeff Sessions resigning: ""It was going to happen...He's been a proverbial dead man walking for severa‚Ä¶ https://t.co/ojKL4KMFTz",Thu Nov 08 07:41:00 +0000 2018
342,@FoxNews,-0.4215,0.0,0.714,0.286,Mob chants threats outside @TuckerCarlson‚Äôs DC home https://t.co/IJE8m5gjWi,Thu Nov 08 07:31:00 +0000 2018
343,@FoxNews,0.7964,0.283,0.717,0.0,".@TuckerCarlson: ""Supporting marriage and children is the best, maybe the only way, for Republicans or any of us to‚Ä¶ https://t.co/fqPwC8XTaY",Thu Nov 08 07:21:00 +0000 2018
344,@FoxNews,0.4404,0.293,0.707,0.0,.@KennedyNation: Dems in 2020 better without Nancy https://t.co/54vTCiffG4,Thu Nov 08 07:16:00 +0000 2018
345,@FoxNews,-0.4767,0.0,0.693,0.307,Battleground-state Dems who opposed Kavanaugh all defeated https://t.co/guqMSVjd74,Thu Nov 08 07:11:00 +0000 2018
346,@FoxNews,0.0772,0.061,0.939,0.0,".@Jim_Jordan on his run for House GOP leader: ‚ÄúWe have to match [@POTUS‚Äôs] intensity, that‚Äôs what I want to do. If‚Ä¶ https://t.co/2VOW1ykCsI",Thu Nov 08 07:01:00 +0000 2018
347,@FoxNews,0.0,0.0,1.0,0.0,.@senatemajldr: Dem Votes Against Kavanaugh Were a 'Godsend' to GOP in Midterms https://t.co/ietr8sP4EQ,Thu Nov 08 06:51:00 +0000 2018
348,@FoxNews,0.0,0.0,1.0,0.0,.@marcthiessen: ‚ÄúThere‚Äôs lots of things that Democrats could take a stand on that they find inherently unacceptable‚Ä¶ https://t.co/c7UFDzFd60,Thu Nov 08 06:41:00 +0000 2018
349,@FoxNews,-0.5423,0.0,0.829,0.171,".@DarrellIssa on the Mueller probe: ""Two years is a long time to look for a crime you can't prove.""‚Ä¶ https://t.co/plX9kxpSXy",Thu Nov 08 06:36:00 +0000 2018
350,@FoxNews,0.0,0.0,1.0,0.0,"Second teen dies of gunshot wound after Oklahoma mom's rampage, authorities say https://t.co/VUQxsa3mq3",Thu Nov 08 06:31:00 +0000 2018
351,@FoxNews,0.2006,0.126,0.783,0.091,.@marcthiessen: ‚ÄúThe president today made very clear that he wants to cut deals with the Democrats. And quite frank‚Ä¶ https://t.co/MGVdJQVfUt,Thu Nov 08 06:21:00 +0000 2018
352,@FoxNews,-0.34,0.0,0.833,0.167,"Florida Highway Patrol cruiser hits 142 mph in pursuit, catches on fire https://t.co/GqWKI45AAm",Thu Nov 08 06:11:00 +0000 2018
353,@FoxNews,0.0,0.0,1.0,0.0,Democratic strategist @LeslieMarshall: ‚ÄúWhat we need is not a wall ‚Äî and not a wall that we can‚Äôt afford ‚Äî but comp‚Ä¶ https://t.co/TzRWVJQeVv,Thu Nov 08 06:01:00 +0000 2018
354,@FoxNews,-0.5719,0.0,0.783,0.217,"Sex offender gets 22 years after missing boy, 14, found in his room at halfway house, authorities say https://t.co/sDd0VQzob4",Thu Nov 08 05:51:00 +0000 2018
355,@FoxNews,0.3182,0.192,0.72,0.088,".@POTUS touts Senate gains, @LelandVittert breaks down the results @foxnewsnight https://t.co/VMzif8sgHH",Thu Nov 08 05:41:00 +0000 2018
356,@FoxNews,0.0,0.0,1.0,0.0,Former Kavanaugh colleague among group being considered to replace Sessions as AG: reports https://t.co/HxAlDZx2Mg,Thu Nov 08 05:31:00 +0000 2018
357,@FoxNews,0.0,0.0,1.0,0.0,"Too close to call: Meticulous vote count transpiring in Arizona Senate race, @aacuna1 reports @foxnewsnight https://t.co/DV6EX4Ogxe",Thu Nov 08 05:26:00 +0000 2018
358,@FoxNews,0.6841,0.298,0.603,0.099,"Former SEAL Mocked by 'SNL' Wins TX House Seat, Calls for More Vets in Congress https://t.co/T0PAhopphH‚Ä¶ https://t.co/qhS5BVOE2U",Thu Nov 08 05:21:01 +0000 2018
359,@FoxNews,0.0,0.0,1.0,0.0,South Carolina voter told to remove 'Trump' shirt in order to vote: report https://t.co/xWY2EdSpDF,Thu Nov 08 05:11:00 +0000 2018
360,@FoxNews,0.0,0.0,1.0,0.0,.@POTUS: ‚ÄúHopefully we can all work together next year to continue delivering for the American people.‚Äù‚Ä¶ https://t.co/FdLczQZN4g,Thu Nov 08 05:01:00 +0000 2018
361,@FoxNews,0.0,0.0,1.0,0.0,Former US Attorney Harry Litman on Whitaker &amp; Mueller probe: ‚ÄúI think most people think it‚Äôs unlikely that he would‚Ä¶ https://t.co/6W1eHbZ7zZ,Thu Nov 08 04:55:00 +0000 2018
362,@FoxNews,0.296,0.104,0.896,0.0,Pete Davidson's 'SNL' castmate Kenan Thompson talks Dan Crenshaw joke: 'They are figuring out a way to right that w‚Ä¶ https://t.co/MlIJF907FK,Thu Nov 08 04:50:00 +0000 2018
363,@FoxNews,0.7096,0.296,0.704,0.0,".@jasoninthehouse: ‚ÄúAttorney General @jeffsessions is a patriot. He was a good Republican, and I applaud him for hi‚Ä¶ https://t.co/lqmOqmHcJZ",Thu Nov 08 04:45:00 +0000 2018
364,@FoxNews,0.0,0.0,1.0,0.0,"Tom Dupree on Acting Attorney General Matthew Whitaker: ‚ÄúCalls for him to recuse from Russia, I think, are meritles‚Ä¶ https://t.co/74TWeQngjg",Thu Nov 08 04:35:00 +0000 2018
365,@FoxNews,-0.1531,0.0,0.873,0.127,"Cabinet shakeup expected after @jeffsessions pushed out, @edhenry reports @foxnewsnight https://t.co/6UTwyCpZRV https://t.co/MY7kH6s4T7",Thu Nov 08 04:25:00 +0000 2018
366,@FoxNews,-0.296,0.0,0.845,0.155,"New reactions to Sessions resignation, Catherine Herridge has the story @foxnewsnight https://t.co/6UTwyCHBgv https://t.co/FaiATyMSgC",Thu Nov 08 04:14:15 +0000 2018
367,@FoxNews,-0.4939,0.0,0.775,0.225,MLB star @Bharper3407 rejects $300M offer from Nationals: Reports (via @FoxBusiness) https://t.co/Bgfoyi7fNH,Thu Nov 08 04:05:00 +0000 2018
368,@FoxNews,-0.5574,0.0,0.735,0.265,Doug Schoen: Trump shouldn‚Äôt have fired Jeff Sessions ‚Äì here‚Äôs why https://t.co/0ITTpZyqyx,Thu Nov 08 03:55:00 +0000 2018
369,@FoxNews,0.5106,0.155,0.845,0.0,"Joseph diGenova on who could replace AG Sessions: ""@ChrisChristie would have the full confidence of @POTUS, which i‚Ä¶ https://t.co/3eoxyIurd3",Thu Nov 08 03:52:26 +0000 2018
370,@FoxNews,0.0,0.0,1.0,0.0,‚ÄòBrady Bunch‚Äô cast to take part in TV home‚Äôs renovation: report https://t.co/rebtV4qkql,Thu Nov 08 03:48:00 +0000 2018
371,@FoxNews,-0.296,0.0,0.804,0.196,".@TuckerCarlson: Dems' Election Message Was All 'Trump', No Substance https://t.co/CscvHQkfAX",Thu Nov 08 03:42:00 +0000 2018
372,@FoxNews,-0.2023,0.0,0.878,0.122,"11-year-old in North Carolina charged with putting needles in Halloween candy, police say https://t.co/Dm3F07wpIt",Thu Nov 08 03:35:00 +0000 2018
373,@FoxNews,0.5106,0.202,0.798,0.0,Rhino rescue? Scientists may hold key to saving northern white rhinoceros from extinction  https://t.co/VUifTtCbTk,Thu Nov 08 03:29:00 +0000 2018
374,@FoxNews,0.0,0.0,1.0,0.0,"RT @FoxBusiness: Rick Scott: ""Socialism will not happen in our nation, and it's not going to happen under my watch."" https://t.co/CLNOuNnGNo",Thu Nov 08 03:23:02 +0000 2018
375,@FoxNews,0.0,0.0,1.0,0.0,"Democrat Colin Allred, who unseated Rep. Pete Sessions, won't say if he'll back Pelosi https://t.co/mNox8bKgiA",Thu Nov 08 03:23:00 +0000 2018
376,@FoxNews,0.0,0.0,1.0,0.0,Surveillance video shows Michigan woman reportedly reversing car into store https://t.co/tJr2cUsZ8a,Thu Nov 08 03:16:01 +0000 2018
377,@FoxNews,0.4939,0.158,0.842,0.0,".@senatemajldr Mitch McConnell said Wednesday that Democrats and Republicans will have to address health care ""on a‚Ä¶ https://t.co/xF54bEhvOA",Thu Nov 08 03:11:00 +0000 2018
378,@FoxNews,-0.0772,0.17,0.638,0.191,Woman finds her diamond before proposal and 'ring shames' herself https://t.co/uoLHUxHeBD,Thu Nov 08 03:04:00 +0000 2018
379,@FoxNews,-0.4215,0.0,0.743,0.257,McDonald's customers‚Äô $5M lawsuit over unwanted Quarter Pounder cheese dismissed by judge https://t.co/yBEvL4cAFK,Thu Nov 08 03:01:47 +0000 2018
380,@FoxNews,0.0,0.0,1.0,0.0,Trump neuters ObamaCare birth control coverage mandate with limits on plans covering abortion https://t.co/ZXX1uDaqXl,Thu Nov 08 02:46:10 +0000 2018
381,@FoxNews,0.4939,0.144,0.856,0.0,The New York Police Department gathered about 20 saluting officers and held an aviation flyover to honor an Emergen‚Ä¶ https://t.co/AUnS1mBlzM,Thu Nov 08 02:38:00 +0000 2018
382,@FoxNews,0.0772,0.106,0.894,0.0,"RT @FoxBusiness: .@KellyannePolls: ""Many people want to work in @POTUS' administration."" https://t.co/to6mCzFkA7",Thu Nov 08 02:33:06 +0000 2018
383,@FoxNews,0.6833,0.224,0.776,0.0,"A trooper took this beautiful photo of a double rainbow over a New York State Police squad car, Tuesday. https://t.co/j9V1h3Ja5p",Thu Nov 08 02:21:04 +0000 2018
384,@FoxNews,0.0,0.0,1.0,0.0,Jeff Sessions' departure leads to questions about Russia probe's future https://t.co/5iWsDcmrYO,Thu Nov 08 02:16:29 +0000 2018
385,@FoxNews,-0.4404,0.0,0.782,0.218,".@TuckerCarlson: ""While everyone else obsessed over dossiers and FISA warrants, Sessions worried about the mission‚Ä¶ https://t.co/9Kv1DtfGKv",Thu Nov 08 02:07:37 +0000 2018
386,@FoxNews,0.0,0.0,1.0,0.0,South Carolina voter told to remove 'Trump' shirt in order to vote: report https://t.co/HXoKJGWYxV,Thu Nov 08 02:04:34 +0000 2018
387,@FoxNews,0.0772,0.091,0.909,0.0,Virginia drug-dealing mom gets 10-day jail sentence after providing marijuana to three children https://t.co/PiU3CthxVx,Thu Nov 08 02:00:56 +0000 2018
388,@FoxNews,0.7964,0.283,0.717,0.0,".@TuckerCarlson: ""Supporting marriage and children is the best, maybe the only way, for Republicans or any of us to‚Ä¶ https://t.co/WrELn434wB",Thu Nov 08 01:42:53 +0000 2018
389,@FoxNews,0.5106,0.163,0.837,0.0,Fox News Channel tops all broadcast and cable news networks in total viewers for midterm election coverage.‚Ä¶ https://t.co/H418QSswpI,Thu Nov 08 01:39:30 +0000 2018
390,@FoxNews,0.3818,0.191,0.809,0.0,"Sacha Baron Cohen revives 'Borat' character to talk politics, midterm election https://t.co/taa4Z5RCj1",Thu Nov 08 01:37:28 +0000 2018
391,@FoxNews,-0.6597,0.0,0.686,0.314,"Violinist claims Southwest Airlines forced him to leave flight after he refused to check $80,000 instrument https://t.co/S5TxSoH3uu",Thu Nov 08 01:25:49 +0000 2018
392,@FoxNews,-0.1027,0.0,0.915,0.085,"'Take Their Word For It': Jim Jordan Warns of Congressional Investigations By Nadler, Waters, Schiff https://t.co/ZXsUPobdbG",Thu Nov 08 01:13:00 +0000 2018
393,@FoxNews,0.0,0.0,1.0,0.0,"Former Governor John Sununu: ""What really made a big difference in the House races around the country last night is‚Ä¶ https://t.co/HYFtiI57mO",Thu Nov 08 01:05:46 +0000 2018
394,@FoxNews,-0.2732,0.0,0.826,0.174,"Georgia posts private information of 300,000 absentee voters (via @keiperjourno) https://t.co/5H4ETZthYC",Thu Nov 08 01:01:04 +0000 2018
395,@FoxNews,-0.4767,0.0,0.795,0.205,"CNN's Jim Acosta press pass suspended by White House, Sarah Sanders announces https://t.co/5iiXWRUrCI",Thu Nov 08 00:58:26 +0000 2018
396,@FoxNews,-0.4767,0.0,0.807,0.193,"BREAKING: CNN's Jim Acosta press pass suspended by White House, Sarah Sanders announces https://t.co/eBITlnvfUj",Thu Nov 08 00:53:56 +0000 2018
397,@FoxNews,0.0,0.0,1.0,0.0,".@GovChrisSununu: ""I don't think last night was a referendum on the president. I think last night was really a refe‚Ä¶ https://t.co/lsznjxEPqK",Thu Nov 08 00:50:10 +0000 2018
398,@FoxNews,0.1027,0.098,0.825,0.077,Dershowitz on Sessions' Departure: Not All GOP Senators Will Allow Trump to Demand 'Loyalty' From New AG https://t.co/lrq24Ih7lc,Thu Nov 08 00:32:49 +0000 2018
399,@FoxNews,0.0,0.0,1.0,0.0,"RT @MikeEmanuelFox: Democrats gear up for 2020 presidential race - from #SpecialReport tonight: 

https://t.co/2rYNfdShiO",Thu Nov 08 00:29:01 +0000 2018
400,@nytimes,0.0,0.0,1.0,0.0,"In a Q&amp;A in 2014, Matthew Whitaker, the newly installed acting attorney general, said the courts ‚Äúare supposed to b‚Ä¶ https://t.co/ZWiD2GLkgR",Thu Nov 08 20:20:05 +0000 2018
401,@nytimes,0.0,0.0,1.0,0.0,The Florida Senate race has only narrowed since Republican Rick Scott claimed victory against Democrat Bill Nelson.‚Ä¶ https://t.co/BmMNE0pBeO,Thu Nov 08 20:05:02 +0000 2018
402,@nytimes,0.5267,0.152,0.848,0.0,"In 7 days, lawyers for The Times helped reporters gain access to hundreds of pages of sealed documents, closed proc‚Ä¶ https://t.co/Sccef1q4Tp",Thu Nov 08 19:50:07 +0000 2018
403,@nytimes,-0.34,0.0,0.862,0.138,"Witnesses describe the scene after a gunman opened fire in a country-western bar in Thousand Oaks, California https://t.co/T5v23RFmBF",Thu Nov 08 19:36:04 +0000 2018
404,@nytimes,0.0,0.0,1.0,0.0,"RT @jennymedina: Another day, another mass shooting. Im in Thousand Oaks along with ‚Å¶@thomasfullerNYT‚Å© &amp; ‚Å¶@jdelreal‚Å© (who spoke to survivor‚Ä¶",Thu Nov 08 19:21:05 +0000 2018
405,@nytimes,0.0,0.0,1.0,0.0,"In Opinion

Op-Ed contributors Neal K. Katyal and George T. Conway III write, ""President Trump‚Äôs installation of Ma‚Ä¶ https://t.co/wOHGFKh6YV",Thu Nov 08 19:15:05 +0000 2018
406,@nytimes,0.0,0.0,1.0,0.0,RT @nytimesbusiness: Q: Is there a way for a man to ask out a younger woman at work without coming across as sleazy? A: The only acceptable‚Ä¶,Thu Nov 08 19:11:06 +0000 2018
407,@nytimes,0.5574,0.223,0.777,0.0,"As she heads to Washington, Alexandria Ocasio-Cortez hears one message from voters: ""Please don‚Äôt fold. Please don‚Äô‚Ä¶ https://t.co/stpNzMyssh",Thu Nov 08 19:00:12 +0000 2018
408,@nytimes,0.0,0.0,1.0,0.0,"Prince Charles, in a documentary, says he won't be an activist king https://t.co/0NOwJkKDU6",Thu Nov 08 18:46:00 +0000 2018
409,@nytimes,-0.1027,0.0,0.92,0.08,"RT @npfandos: An empty Capitol, but Mitch McConnell is receiving visitors. Rupert Murdoch in this case. https://t.co/TPcTmykuJs",Thu Nov 08 18:37:47 +0000 2018
410,@nytimes,0.1027,0.118,0.882,0.0,"""It is only a matter of time before a clash occurs,"" an expert says, as the American Navy challenges China‚Äôs milita‚Ä¶ https://t.co/H9bCkL056t",Thu Nov 08 18:30:09 +0000 2018
411,@nytimes,-0.128,0.0,0.919,0.081,"Google will overhaul how it handles sexual misconduct claims, after employees protested over revelations of big exi‚Ä¶ https://t.co/IRGhqUnJ5d",Thu Nov 08 18:15:08 +0000 2018
412,@nytimes,0.0,0.0,1.0,0.0,RT @JulietMacur: Found inside the USA Gymnastics headquarters: Documents from the Karolyi ranch that Texas prosecutors have long been searc‚Ä¶,Thu Nov 08 18:05:23 +0000 2018
413,@nytimes,0.0,0.0,1.0,0.0,Keep track of who's in and who's out at the White House with this updated interactive tool https://t.co/BqLYC2x9AB,Thu Nov 08 18:01:05 +0000 2018
414,@nytimes,-0.2263,0.0,0.905,0.095,"Brian Kemp, the Republican who has claimed victory in Georgia‚Äôs governor‚Äôs race, is resigning as secretary of state‚Ä¶ https://t.co/7YsjjgBHCF",Thu Nov 08 17:46:06 +0000 2018
415,@nytimes,0.5267,0.129,0.871,0.0,"The Year of the Woman is living up to its name, with a record 117 women winning office in the 2018 U.S. midterm ele‚Ä¶ https://t.co/HeDlO8jjTZ",Thu Nov 08 17:29:05 +0000 2018
416,@nytimes,-0.5574,0.0,0.82,0.18,"RT @dgelles: Corner Office with Sundar Pichai of Google. We talk the walkout, China and whether Silicon Valley has lost its edge. https://t‚Ä¶",Thu Nov 08 17:25:04 +0000 2018
417,@nytimes,0.7845,0.345,0.655,0.0,New research strongly suggests that people who gained health care coverage through Medicaid expansion were more lik‚Ä¶ https://t.co/ne3YNi1x1d,Thu Nov 08 17:14:04 +0000 2018
418,@nytimes,0.1027,0.134,0.753,0.113,"Israeli police recommend bribery charges against 4 confidants of Prime Minister Benjamin Netanyahu, related to mult‚Ä¶ https://t.co/HObXvOm3ZT",Thu Nov 08 17:00:02 +0000 2018
419,@nytimes,0.4497,0.136,0.803,0.061,RT @monicadavey1: The Midwest is no monolith but it mostly values moderation and pragmatism. ‚Å¶And that‚Äôs what it saw in the election. @Mitc‚Ä¶,Thu Nov 08 16:50:04 +0000 2018
420,@nytimes,-0.296,0.0,0.872,0.128,"Here is what we know about the suspect in the shooting in Thousand Oaks, California https://t.co/yHTM131PM0",Thu Nov 08 16:45:04 +0000 2018
421,@nytimes,0.6369,0.215,0.785,0.0,"""It's worth asking, over the long term, why a single American company is in the position of protecting free and fai‚Ä¶ https://t.co/Lk6igJjpQ3",Thu Nov 08 16:31:03 +0000 2018
422,@nytimes,0.0,0.0,1.0,0.0,"While dozens of districts became more red, the overwhelming trend on Tuesday was a blue shift: 312 districts swung‚Ä¶ https://t.co/XPDBuuPrZL",Thu Nov 08 16:15:05 +0000 2018
423,@nytimes,0.4019,0.119,0.881,0.0,"RT @nytimesworld: When Facebook, YouTube and others use algorithms to keep us engaged, that can lead to unintended consequences. Max Fisher‚Ä¶",Thu Nov 08 16:05:03 +0000 2018
424,@nytimes,-0.4767,0.0,0.846,0.154,Lucy McBath has defeated Republican incumbent Karen Handel to represent Georgia's 6th District. McBath is the mothe‚Ä¶ https://t.co/tda8uYWxKZ,Thu Nov 08 16:00:10 +0000 2018
425,@nytimes,0.9062,0.451,0.549,0.0,"Nicolas Mathieu has won France's top literary award, the Goncourt Prize, for ""Leurs Enfants Apr√®s Eux"" (""Their Chil‚Ä¶ https://t.co/GxFr1a1BPX",Thu Nov 08 15:44:06 +0000 2018
426,@nytimes,0.0857,0.082,0.853,0.065,"""Technology doesn't solve humanity‚Äôs problems. It was always na√Øve to think so. Technology is an enabler, but human‚Ä¶ https://t.co/yM2fCQXfFM",Thu Nov 08 15:29:02 +0000 2018
427,@nytimes,0.0,0.0,1.0,0.0,"Robert Mueller has obtained records of communications between Arron Banks, a Brexit backer, and Russian diplomats https://t.co/EngU96GXQc",Thu Nov 08 15:20:05 +0000 2018
428,@nytimes,0.5559,0.234,0.766,0.0,"Eric Schneiderman, the former New York attorney general, will not face criminal charges, prosecutors said. 4 women‚Ä¶ https://t.co/S2bi0Fc54Y",Thu Nov 08 15:19:13 +0000 2018
429,@nytimes,0.0754,0.142,0.727,0.131,"""I don't think there is anything more heroic than what he did,"" a colleague said about Sgt. Ron Helus, who died in‚Ä¶ https://t.co/tGLKaBMqm3",Thu Nov 08 15:12:08 +0000 2018
430,@nytimes,-0.4588,0.0,0.824,0.176,Jeff Sessions's forced departure as attorney general was the hot topic on late-night TV https://t.co/rK2CH6UjN3,Thu Nov 08 15:00:10 +0000 2018
431,@nytimes,0.0,0.0,1.0,0.0,"""The one laudable thing he did was to recuse himself from the Russia investigation, and for that, he is being fired‚Ä¶ https://t.co/pvgSLfwsES",Thu Nov 08 14:51:04 +0000 2018
432,@nytimes,0.0,0.0,1.0,0.0,Florida is accustomed to razor-thin vote margins. But Tuesday‚Äôs election has seen five races so close they could go‚Ä¶ https://t.co/C01uUaLJ3N,Thu Nov 08 14:31:03 +0000 2018
433,@nytimes,0.5267,0.152,0.848,0.0,Breaking News: Justice Ruth Bader Ginsburg is recovering in the hospital after fracturing three ribs in a fall at h‚Ä¶ https://t.co/e4i4y4suj6,Thu Nov 08 14:28:06 +0000 2018
434,@nytimes,-0.743,0.092,0.586,0.322,"""Young people are sick and tired of going to funerals of their friends,"" said a Parkland shooting survivor. ""They a‚Ä¶ https://t.co/6v1BasyWpy",Thu Nov 08 14:15:11 +0000 2018
435,@nytimes,0.0,0.0,1.0,0.0,Morning Briefing: Here's what you need to know to start your day https://t.co/Om9ftroEPq,Thu Nov 08 14:00:12 +0000 2018
436,@nytimes,0.0,0.0,1.0,0.0,"In Opinion

The Editorial Board writes: ""The Department of Justice,"" Jeff Sessions once said, ""will not be improper‚Ä¶ https://t.co/6o1njxu28r",Thu Nov 08 13:49:03 +0000 2018
437,@nytimes,-0.6486,0.122,0.61,0.268,"His voice cracking, the Ventura County sheriff identified one of the dead as Sgt. Ron Helus. ""He died a hero becaus‚Ä¶ https://t.co/B9xaWfxwGC",Thu Nov 08 13:40:08 +0000 2018
438,@nytimes,0.5994,0.205,0.795,0.0,RT @adamgoldmanNYT: Whitaker and Trump also share similar views on what they consider the need for a special counsel to investigate Hillary‚Ä¶,Thu Nov 08 13:29:06 +0000 2018
439,@nytimes,-0.2023,0.11,0.748,0.142,"The rampage began late Wednesday at the popular country music venue in Thousand Oaks. ""There were shots fired at th‚Ä¶ https://t.co/rPTSSIuclu",Thu Nov 08 13:09:17 +0000 2018
440,@nytimes,0.4939,0.219,0.781,0.0,"Your daily @DealBook Briefing:

‚Ä¢ Businesses breathe a sigh of relief over the midterms.¬†

‚Ä¢ Tesla names a new chai‚Ä¶ https://t.co/RPCMUsMbqN",Thu Nov 08 13:00:10 +0000 2018
441,@nytimes,-0.7096,0.0,0.742,0.258,"""It is unacceptable and un-American for the president to expel a reporter for doing his job aggressively,"" the Amer‚Ä¶ https://t.co/OFjb6gjgRp",Thu Nov 08 12:45:05 +0000 2018
442,@nytimes,0.3182,0.119,0.881,0.0,Prime Minister Justin Trudeau apologized for Canada‚Äôs decision to turn away a steamliner full of Jewish refugees fl‚Ä¶ https://t.co/VuRQGihkN8,Thu Nov 08 12:31:02 +0000 2018
443,@nytimes,0.0,0.0,1.0,0.0,"RT @jdelreal: I'm here in Thousand Oaks, Calif., where a gunman unleashed a barrage of bullets at the Borderline Bar &amp; Grill. There's still‚Ä¶",Thu Nov 08 12:30:58 +0000 2018
444,@nytimes,-0.34,0.0,0.714,0.286,Why Trump is firing Sessions now https://t.co/Zx0zVp72Ln,Thu Nov 08 12:15:02 +0000 2018
445,@nytimes,0.0,0.0,1.0,0.0,"Tesla named Robyn Denholm, a board member since 2014 and a longtime technology and telecommunications executive, as‚Ä¶ https://t.co/X0vHSsFZAE",Thu Nov 08 12:00:07 +0000 2018
446,@nytimes,0.0,0.0,1.0,0.0,"""People started running to the back door,"" said a woman who had been inside the bar. She heard someone shout, ""Get‚Ä¶ https://t.co/4g2BGYVvOp",Thu Nov 08 11:51:04 +0000 2018
447,@nytimes,0.0,0.0,1.0,0.0,"Morning¬†Briefing: Here's what you need to know to start your day 
 https://t.co/nl0LTsA6WV",Thu Nov 08 11:41:04 +0000 2018
448,@nytimes,0.34,0.221,0.656,0.123,"President Trump threatened to adopt a ""warlike posture"" against Democrats if they use their newly won control of th‚Ä¶ https://t.co/lzeWnp7DLy",Thu Nov 08 11:31:03 +0000 2018
449,@nytimes,-0.6705,0.0,0.78,0.22,"Breaking News: Twelve people, including a sheriff‚Äôs deputy, were killed in a shooting at a bar outside Los Angeles.‚Ä¶ https://t.co/x57c2Y3Q8p",Thu Nov 08 11:21:41 +0000 2018
450,@nytimes,-0.4767,0.0,0.86,0.14,"RT @nytimesworld: Fourteen people, including the former head of the national police, were arrested in Peru after police dismantled a human‚Ä¶",Thu Nov 08 11:20:37 +0000 2018
451,@nytimes,0.25,0.118,0.882,0.0,"During nearly two decades as a senator, Jeff Sessions endorsed only one presidential candidate: Donald Trump https://t.co/lyraZPEp7y",Thu Nov 08 11:05:02 +0000 2018
452,@nytimes,-0.7783,0.0,0.709,0.291,RT @nytimesworld: The actor Geoffrey Rush is suing an Australian tabloid that accused of him of sexually harassing a young actress last yea‚Ä¶,Thu Nov 08 10:44:04 +0000 2018
453,@nytimes,-0.6486,0.0,0.823,0.177,"The gunman is dead and ""multiple injuries"" have been reported at the Borderline Bar and Grill in in Thousand Oaks,‚Ä¶ https://t.co/Kqq2zI89N7",Thu Nov 08 10:27:55 +0000 2018
454,@nytimes,-0.5719,0.0,0.879,0.121,"RT @nytimesworld: The image on the wall of a cave deep in the jungles of Borneo may be crude. But it also is more than 40,000 years old, sc‚Ä¶",Thu Nov 08 10:14:03 +0000 2018
455,@nytimes,0.0,0.0,1.0,0.0,"Robert Mueller has obtained records of communications between Arron Banks, a Brexit backer, and Russian diplomats https://t.co/ojc3sNSjhz",Thu Nov 08 10:00:12 +0000 2018
456,@nytimes,0.1513,0.127,0.772,0.1,The cancellation of a meeting leaves little doubt that the diplomatic process between the United States and North K‚Ä¶ https://t.co/4ok1umIWt6,Thu Nov 08 09:53:34 +0000 2018
457,@nytimes,0.4019,0.137,0.863,0.0,"""It's an active situation,"" said a spokesman for the Ventura County Sheriff's Department, adding that the gunman co‚Ä¶ https://t.co/RkXEhcIYSp",Thu Nov 08 09:40:00 +0000 2018
458,@nytimes,0.0,0.0,1.0,0.0,"Midterm results showed that Americans are still wrestling with who should be allowed to purchase guns, how they sho‚Ä¶ https://t.co/0sefD7GcpI",Thu Nov 08 09:32:24 +0000 2018
459,@nytimes,0.0917,0.216,0.581,0.203,One of Russia‚Äôs most daring and innovative directors is charged in a financial fraud case widely seen among the cou‚Ä¶ https://t.co/yB6jGoJdRN,Thu Nov 08 09:15:01 +0000 2018
460,@nytimes,-0.4945,0.083,0.748,0.169,"Li Ka-shing may be one of the most influential businessmen in Asia, but that reputation ‚Äî and fear of Chinese influ‚Ä¶ https://t.co/TabqD7uYGb",Thu Nov 08 09:00:12 +0000 2018
461,@nytimes,0.0,0.0,1.0,0.0,"‚ÄúI just started hearing these big pops,‚Äù said a witness interviewed by ABC7. ‚ÄúThe gunman was throwing smoke grenade‚Ä¶ https://t.co/wVXk9BA4LJ",Thu Nov 08 08:55:17 +0000 2018
462,@nytimes,0.0,0.0,1.0,0.0,"Judy Meisel was 12 when she arrived at Stutthof. At 89, she can still remember standing naked, in line for the gas‚Ä¶ https://t.co/3JcV3lQUTo",Thu Nov 08 08:45:05 +0000 2018
463,@nytimes,-0.7351,0.0,0.733,0.267,Investigators broadened the possibilities of what may have contributed to the fatal crash of a Boeing 737 Max 8 las‚Ä¶ https://t.co/TptGkdG437,Thu Nov 08 08:31:39 +0000 2018
464,@nytimes,0.5106,0.155,0.845,0.0,Breaking News: Police and rescue workers responded to reports that several people were shot at a country and wester‚Ä¶ https://t.co/wBCaAboML7,Thu Nov 08 08:23:28 +0000 2018
465,@nytimes,0.4215,0.149,0.851,0.0,"President Trump nominated a Republican lawyer to become the United States ambassador to Australia, filling the long‚Ä¶ https://t.co/HNvaj3h9UP",Thu Nov 08 08:00:07 +0000 2018
466,@nytimes,-0.0772,0.0,0.902,0.098,This year‚Äôs midterm election cycle has exposed just how fragile Facebook remains https://t.co/qDiaGknErR,Thu Nov 08 07:45:03 +0000 2018
467,@nytimes,0.5719,0.188,0.812,0.0,"Native Americans notched historic electoral wins on Tuesday, in a country where indigenous people were not granted‚Ä¶ https://t.co/8Uc9jkBsQq",Thu Nov 08 07:30:05 +0000 2018
468,@nytimes,-0.4767,0.065,0.736,0.199,"Asia Bibi, who was acquitted after 8 years on death row, was released from prison but remains under government prot‚Ä¶ https://t.co/FWnBHjRlzi",Thu Nov 08 07:15:06 +0000 2018
469,@nytimes,0.4215,0.135,0.865,0.0,Republicans‚Äô expansion of their Senate majority means it's easier for the White House and Mitch McConnell to confir‚Ä¶ https://t.co/QB5zDNaBtB,Thu Nov 08 07:00:09 +0000 2018
470,@nytimes,-0.7003,0.0,0.734,0.266,"‚ÄúFlorida‚Äôs being Florida."" The Senate race was headed to ‚Äî what else? ‚Äî a dreaded recount, bringing back haunting m‚Ä¶ https://t.co/DoZrnZWcoT",Thu Nov 08 06:45:04 +0000 2018
471,@nytimes,0.0,0.0,1.0,0.0,"At 92, the last living giant of 20th-century music has written his first opera https://t.co/wOtXM0s5dN",Thu Nov 08 06:32:03 +0000 2018
472,@nytimes,0.0,0.0,1.0,0.0,4 states had ballot measures related to medical and recreational marijuana use. Voters embraced 3 of them. https://t.co/IAJmmfHZAP,Thu Nov 08 06:17:02 +0000 2018
473,@nytimes,0.2023,0.214,0.612,0.173,"RT @nytopinion: With Jeff Sessions out, the Mueller investigation faces its greatest threat https://t.co/dQgMWfQZZP",Thu Nov 08 06:02:04 +0000 2018
474,@nytimes,0.1531,0.11,0.89,0.0,What do the midterm results mean for U.S. action on global warming? 5 takeaways: https://t.co/2kJursVKpj,Thu Nov 08 05:47:03 +0000 2018
475,@nytimes,0.5423,0.209,0.791,0.0,"‚ÄúNo matter what happens,‚Äù said Beth Dabruzzo, who hand-wrote thousands of postcards to voters encouraging them to v‚Ä¶ https://t.co/h55JlPuWP3",Thu Nov 08 05:32:06 +0000 2018
476,@nytimes,0.6124,0.275,0.65,0.075,"A worldwide strike by antiquarian booksellers against an Amazon subsidiary proved successful after 2 days, with the‚Ä¶ https://t.co/WSryZH8Kqr",Thu Nov 08 05:22:03 +0000 2018
477,@nytimes,0.0,0.0,1.0,0.0,‚ÄúThis was a wipeout for Republicans in the Northeast‚Äù https://t.co/DApKpXFEcg,Thu Nov 08 05:12:05 +0000 2018
478,@nytimes,-0.4215,0.0,0.843,0.157,"A city in India broke a world record with more than 300,000 Diwali lamps illuminating the streets https://t.co/zIiwfGy9zS",Thu Nov 08 05:02:04 +0000 2018
479,@nytimes,0.0258,0.176,0.694,0.131,A man who destroyed President Trump‚Äôs star on the Hollywood Walk of Fame with a pickax in July reached a plea deal‚Ä¶ https://t.co/x5KUP5CPCc,Thu Nov 08 04:52:02 +0000 2018
480,@nytimes,0.0,0.0,1.0,0.0,"Two years after a divided country elected President Trump, voters returned to the polls and delivered a cascade of‚Ä¶ https://t.co/Qec5bz5XOj",Thu Nov 08 04:40:04 +0000 2018
481,@nytimes,-0.3182,0.0,0.874,0.126,Our Washington bureau chief @bumillernyt responds to President Trump's decision to suspend the White House credenti‚Ä¶ https://t.co/DkNRa47BX3,Thu Nov 08 04:31:00 +0000 2018
482,@nytimes,0.2732,0.14,0.86,0.0,"RT @clairecm: A record number of women will be serving in Congress. Amid everything else, it's important to remember that makes a differenc‚Ä¶",Thu Nov 08 04:22:05 +0000 2018
483,@nytimes,0.7506,0.363,0.637,0.0,A small number of rich and internationally connected cities keep widening their economic advantages over everywhere‚Ä¶ https://t.co/PLCubo44M6,Thu Nov 08 04:12:02 +0000 2018
484,@nytimes,0.0,0.0,1.0,0.0,The new discovery indicates that people in Borneo were already making figurative images at the same time as people‚Ä¶ https://t.co/GI8HeEFCEp,Thu Nov 08 04:02:07 +0000 2018
485,@nytimes,0.6486,0.231,0.769,0.0,RT @charlie_savage: The GOP success in the Senate midterm has set the stage for the conservative legal movement to reach new heights of cou‚Ä¶,Thu Nov 08 03:52:04 +0000 2018
486,@nytimes,0.2263,0.079,0.921,0.0,"Google employs around 7,000 in New York, and a space that size could allow it to more than double its local work fo‚Ä¶ https://t.co/twBF3PjeZs",Thu Nov 08 03:42:05 +0000 2018
487,@nytimes,-0.4767,0.0,0.86,0.14,The White House suspended credentials for CNN's Jim Acosta and made a false claim against him after a clash with th‚Ä¶ https://t.co/rKEEuIJXZv,Thu Nov 08 03:32:06 +0000 2018
488,@nytimes,-0.5859,0.0,0.756,0.244,A former U.S. representative from Texas was sentenced to 10 years in prison and ordered to pay about $1 million in‚Ä¶ https://t.co/C4pyt35LFE,Thu Nov 08 03:22:05 +0000 2018
489,@nytimes,0.5719,0.179,0.821,0.0,RT @viaSimonRomero: Native Americans won big in the Midterms. It took years to get there. My story:  https://t.co/TfpGzS4PpX,Thu Nov 08 03:12:01 +0000 2018
490,@nytimes,0.0,0.0,1.0,0.0,"More than 150 L.G.B.T. candidates, a record, were elected in the U.S., and Massachusetts voted to uphold a state la‚Ä¶ https://t.co/cncHQlIZCA",Thu Nov 08 03:02:08 +0000 2018
491,@nytimes,0.0,0.0,1.0,0.0,"In life, the Nevada brothel owner Dennis Hof claimed many titles: ‚ÄúAmerica‚Äôs pimp‚Äù and the ‚ÄúTrump of Pahrump.‚Äù In d‚Ä¶ https://t.co/DpYPpAzN3j",Thu Nov 08 02:47:03 +0000 2018
492,@nytimes,0.128,0.121,0.779,0.1,How the GOP lost the House: Republicans were mired in infighting over messaging and money while Democrats united in‚Ä¶ https://t.co/ZjOzHUOAdI,Thu Nov 08 02:32:03 +0000 2018
493,@nytimes,0.2732,0.202,0.687,0.112,RT @adamgoldmanNYT: Senior Justice Department officials have viewed Mr. Whitaker with intense suspicion. His is seen by department official‚Ä¶,Thu Nov 08 02:22:05 +0000 2018
494,@nytimes,0.0,0.0,1.0,0.0,"Midterm election coverage delivers a ratings surge, with Fox News in the lead among total viewers https://t.co/DI2cduyMOW",Thu Nov 08 02:12:04 +0000 2018
495,@nytimes,0.0,0.0,1.0,0.0,Evening Briefing: Here's what you need to know at the end of the day https://t.co/MDywh3bxNJ,Thu Nov 08 02:02:01 +0000 2018
496,@nytimes,-0.34,0.0,0.821,0.179,How the firing of Jeff Sessions could affect the Russia investigation https://t.co/F45ceDIHhS,Thu Nov 08 01:47:03 +0000 2018
497,@nytimes,0.1779,0.19,0.688,0.121,"A gamer in Melbourne has had his assets frozen in connection with a cheat for Grand Theft Auto Online, raising ques‚Ä¶ https://t.co/nlHI7uo8Wx",Thu Nov 08 01:32:05 +0000 2018
498,@nytimes,0.5423,0.137,0.863,0.0,RT @NickKristof: The response to my column on what Democrats can learn from the midterms is fascinating. Democrats in NY and California thi‚Ä¶,Thu Nov 08 01:17:01 +0000 2018
499,@nytimes,0.0,0.0,1.0,0.0,"In 1992, the first ‚ÄúYear of the Woman,‚Äù 54 women were elected to Congress. On Tuesday, more than 100 were. https://t.co/zPBPLTbn7q",Thu Nov 08 01:02:01 +0000 2018
